Scoring Period 1,,,,,,,
"(Tue Oct 21, 2025 - Sun Oct 26, 2025)",,,,,,,
,,,,,,,
 LAMELOcan Airlines Flight 11,"1,605",-256,"1,349", Haliban’s Heroes,"1,089",-50,"1,039"
 9/11 First Tower,"1,314",0,"1,314", President of Retarded Operations,974,0,974
 The Pentagon,"1,284",0,"1,284", CaitlinClark KeepsItHairy,"1,402",-224,"1,178"
 9/11 Second Tower,"1,161",0,"1,161", The Noto Son,"1,263",-57,"1,206"
 Daaaaaa Jankees lose,"1,382",-266,"1,116", PartyMarty__,"1,103",-138,965
 A Stupid Silly Cat,"1,117",-51,"1,066", Jesus Christ,"1,249",-109,"1,140"
 George W Bush,"1,328",0,"1,328", Kevin O’Leary,"1,006",0,"1,006"
 Kamala's Gunz,866,0,866, I'm Your Uber Driver,"1,048",0,"1,048"
Scoring Period 2,,,,,,,
"(Mon Oct 27, 2025 - Sun Nov 2, 2025)",,,,,,,
,,,,,,,
 Haliban’s Heroes,"1,270",-49,"1,221", 9/11 First Tower,"1,259",-48,"1,211"
 LAMELOcan Airlines Flight 11,"1,441",0,"1,441", The Pentagon,"1,595",0,"1,595"
 President of Retarded Operations,"1,535",0,"1,535", 9/11 Second Tower,"1,370",0,"1,370"
 CaitlinClark KeepsItHairy,"1,410",0,"1,410", Daaaaaa Jankees lose,"1,318",0,"1,318"
 The Noto Son,"1,562",-116,"1,446", A Stupid Silly Cat,"1,271",-49,"1,222"
 PartyMarty__,855,0,855, George W Bush,"1,309",0,"1,309"
 Jesus Christ,"1,506",-58,"1,448", Kamala's Gunz,"1,217",0,"1,217"
 Kevin O’Leary,"1,500",0,"1,500", I'm Your Uber Driver,"1,304",0,"1,304"
Scoring Period 3,,,,,,,
"(Mon Nov 3, 2025 - Sun Nov 9, 2025)",,,,,,,
,,,,,,,
 The Pentagon,"1,768",0,"1,768", Haliban’s Heroes,"1,453",0,"1,453"
 9/11 Second Tower,"1,318",0,"1,318", 9/11 First Tower,"1,327",0,"1,327"
 Daaaaaa Jankees lose,"1,478",-323,"1,155", LAMELOcan Airlines Flight 11,"1,550",-60,"1,490"
 A Stupid Silly Cat,"1,450",0,"1,450", President of Retarded Operations,"1,579",0,"1,579"
 George W Bush,"1,520",-253,"1,267", CaitlinClark KeepsItHairy,"1,391",0,"1,391"
 Kamala's Gunz,"1,259",0,"1,259", The Noto Son,"1,266",0,"1,266"
 I'm Your Uber Driver,"1,128",0,"1,128", PartyMarty__,"1,547",-338,"1,209"
 Kevin O’Leary,"1,333",0,"1,333", Jesus Christ,"1,626",-63,"1,563"
Scoring Period 4,,,,,,,
"(Mon Nov 10, 2025 - Sun Nov 16, 2025)",,,,,,,
,,,,,,,
 Haliban’s Heroes,"1,742",0,"1,742", 9/11 Second Tower,"1,252",0,"1,252"
 The Pentagon,"1,418",0,"1,418", Daaaaaa Jankees lose,"1,395",-103,"1,292"
 9/11 First Tower,"1,332",0,"1,332", A Stupid Silly Cat,"1,606",0,"1,606"
 LAMELOcan Airlines Flight 11,"1,534",0,"1,534", George W Bush,"1,304",0,"1,304"
 President of Retarded Operations,"1,473",0,"1,473", Kamala's Gunz,"1,520",0,"1,520"
 CaitlinClark KeepsItHairy,"1,164",-86,"1,078", I'm Your Uber Driver,"1,606",-62,"1,544"
 The Noto Son,"1,370",0,"1,370", Kevin O’Leary,"1,061",0,"1,061"
 PartyMarty__,"1,233",0,"1,233", Jesus Christ,"1,640",0,"1,640"
Scoring Period 5,,,,,,,
"(Mon Nov 17, 2025 - Sun Nov 23, 2025)",,,,,,,
,,,,,,,
 Daaaaaa Jankees lose,"1,819",-251,"1,568", Haliban’s Heroes,"1,639",0,"1,639"
 A Stupid Silly Cat,"1,468",0,"1,468", 9/11 Second Tower,"1,204",0,"1,204"
 George W Bush,"1,497",0,"1,497", The Pentagon,"1,551",-60,"1,491"
 Kamala's Gunz,"1,336",0,"1,336", 9/11 First Tower,"1,227",0,"1,227"
 I'm Your Uber Driver,"1,397",0,"1,397", LAMELOcan Airlines Flight 11,"1,468",0,"1,468"
 Kevin O’Leary,"1,434",0,"1,434", President of Retarded Operations,"1,429",0,"1,429"
 Jesus Christ,"1,492",0,"1,492", CaitlinClark KeepsItHairy,"1,173",-45,"1,128"
 PartyMarty__,"1,450",-242,"1,208", The Noto Son,"1,372",-53,"1,319"
Scoring Period 6,,,,,,,
"(Mon Nov 24, 2025 - Sun Nov 30, 2025)",,,,,,,
,,,,,,,
 Haliban’s Heroes,"1,047",0,"1,047", A Stupid Silly Cat,"1,138",-52,"1,086"
 Daaaaaa Jankees lose,"1,188",-54,"1,134", George W Bush,"1,197",0,"1,197"
 9/11 Second Tower,"1,055",0,"1,055", Kamala's Gunz,"1,094",0,"1,094"
 The Pentagon,"1,409",0,"1,409", I'm Your Uber Driver,"1,131",0,"1,131"
 9/11 First Tower,"1,322",0,"1,322", Kevin O’Leary,999,0,999
 LAMELOcan Airlines Flight 11,"1,364",0,"1,364", Jesus Christ,"1,690",0,"1,690"
 President of Retarded Operations,"1,110",-97,"1,013", PartyMarty__,"1,093",-95,998
 CaitlinClark KeepsItHairy,"1,319",-211,"1,108", The Noto Son,"1,357",0,"1,357"
Scoring Period 7,,,,,,,
"(Mon Dec 1, 2025 - Sun Dec 7, 2025)",,,,,,,
,,,,,,,
 George W Bush,"1,681",0,"1,681", Haliban’s Heroes,"1,381",-53,"1,328"
 Kamala's Gunz,"1,210",-47,"1,163", A Stupid Silly Cat,"1,324",0,"1,324"
 I'm Your Uber Driver,"1,318",0,"1,318", Daaaaaa Jankees lose,"1,412",0,"1,412"
 Kevin O’Leary,"1,403",0,"1,403", 9/11 Second Tower,"1,415",0,"1,415"
 Jesus Christ,"1,500",0,"1,500", The Pentagon,"1,538",0,"1,538"
 PartyMarty__,"1,188",0,"1,188", 9/11 First Tower,"1,290",0,"1,290"
 The Noto Son,"1,600",0,"1,600", LAMELOcan Airlines Flight 11,"1,377",0,"1,377"
 CaitlinClark KeepsItHairy,"1,105",-42,"1,063", President of Retarded Operations,"1,449",0,"1,449"
Scoring Period 8,,,,,,,
"(Mon Dec 8, 2025 - Sun Dec 21, 2025)",,,,,,,
,,,,,,,
 Haliban’s Heroes,"1,797",0,"1,797", Kamala's Gunz,"1,774",-57,"1,717"
 George W Bush,"1,782",0,"1,782", I'm Your Uber Driver,"1,792",0,"1,792"
 A Stupid Silly Cat,"1,783",-111,"1,672", Kevin O’Leary,"1,978",0,"1,978"
 Daaaaaa Jankees lose,"1,811",-113,"1,698", Jesus Christ,"1,706",-55,"1,651"
 9/11 Second Tower,"1,764",0,"1,764", PartyMarty__,"1,429",-46,"1,383"
 The Pentagon,"1,692",0,"1,692", The Noto Son,"1,983",0,"1,983"
 9/11 First Tower,"1,703",0,"1,703", CaitlinClark KeepsItHairy,"1,713",-324,"1,389"
 LAMELOcan Airlines Flight 11,"1,707",0,"1,707", President of Retarded Operations,"1,883",0,"1,883"
Scoring Period 9,,,,,,,
"(Mon Dec 22, 2025 - Sun Dec 28, 2025)",,,,,,,
,,,,,,,
 I'm Your Uber Driver,0,0,0, Haliban’s Heroes,0,0,0
 Kevin O’Leary,0,0,0, Kamala's Gunz,0,0,0
 Jesus Christ,0,0,0, George W Bush,0,0,0
 PartyMarty__,0,0,0, A Stupid Silly Cat,0,0,0
 The Noto Son,0,0,0, Daaaaaa Jankees lose,0,0,0
 CaitlinClark KeepsItHairy,0,0,0, 9/11 Second Tower,0,0,0
 President of Retarded Operations,0,0,0, The Pentagon,0,0,0
 LAMELOcan Airlines Flight 11,0,0,0, 9/11 First Tower,0,0,0
Scoring Period 10,,,,,,,
"(Mon Dec 29, 2025 - Sun Jan 4, 2026)",,,,,,,
,,,,,,,
 Haliban’s Heroes,0,0,0, Kevin O’Leary,0,0,0
 I'm Your Uber Driver,0,0,0, Jesus Christ,0,0,0
 Kamala's Gunz,0,0,0, PartyMarty__,0,0,0
 George W Bush,0,0,0, The Noto Son,0,0,0
 A Stupid Silly Cat,0,0,0, CaitlinClark KeepsItHairy,0,0,0
 Daaaaaa Jankees lose,0,0,0, President of Retarded Operations,0,0,0
 9/11 Second Tower,0,0,0, LAMELOcan Airlines Flight 11,0,0,0
 The Pentagon,0,0,0, 9/11 First Tower,0,0,0
Scoring Period 11,,,,,,,
"(Mon Jan 5, 2026 - Sun Jan 11, 2026)",,,,,,,
,,,,,,,
 Jesus Christ,0,0,0, Haliban’s Heroes,0,0,0
 PartyMarty__,0,0,0, Kevin O’Leary,0,0,0
 The Noto Son,0,0,0, I'm Your Uber Driver,0,0,0
 CaitlinClark KeepsItHairy,0,0,0, Kamala's Gunz,0,0,0
 President of Retarded Operations,0,0,0, George W Bush,0,0,0
 LAMELOcan Airlines Flight 11,0,0,0, A Stupid Silly Cat,0,0,0
 9/11 First Tower,0,0,0, Daaaaaa Jankees lose,0,0,0
 The Pentagon,0,0,0, 9/11 Second Tower,0,0,0
Scoring Period 12,,,,,,,
"(Mon Jan 12, 2026 - Sun Jan 18, 2026)",,,,,,,
,,,,,,,
 Haliban’s Heroes,0,0,0, PartyMarty__,0,0,0
 Jesus Christ,0,0,0, The Noto Son,0,0,0
 Kevin O’Leary,0,0,0, CaitlinClark KeepsItHairy,0,0,0
 I'm Your Uber Driver,0,0,0, President of Retarded Operations,0,0,0
 Kamala's Gunz,0,0,0, LAMELOcan Airlines Flight 11,0,0,0
 George W Bush,0,0,0, 9/11 First Tower,0,0,0
 A Stupid Silly Cat,0,0,0, The Pentagon,0,0,0
 Daaaaaa Jankees lose,0,0,0, 9/11 Second Tower,0,0,0
Scoring Period 13,,,,,,,
"(Mon Jan 19, 2026 - Sun Jan 25, 2026)",,,,,,,
,,,,,,,
 The Noto Son,0,0,0, Haliban’s Heroes,0,0,0
 CaitlinClark KeepsItHairy,0,0,0, PartyMarty__,0,0,0
 President of Retarded Operations,0,0,0, Jesus Christ,0,0,0
 LAMELOcan Airlines Flight 11,0,0,0, Kevin O’Leary,0,0,0
 9/11 First Tower,0,0,0, I'm Your Uber Driver,0,0,0
 The Pentagon,0,0,0, Kamala's Gunz,0,0,0
 9/11 Second Tower,0,0,0, George W Bush,0,0,0
 Daaaaaa Jankees lose,0,0,0, A Stupid Silly Cat,0,0,0
Scoring Period 14,,,,,,,
"(Mon Jan 26, 2026 - Sun Feb 1, 2026)",,,,,,,
,,,,,,,
 Haliban’s Heroes,0,0,0, CaitlinClark KeepsItHairy,0,0,0
 The Noto Son,0,0,0, President of Retarded Operations,0,0,0
 PartyMarty__,0,0,0, LAMELOcan Airlines Flight 11,0,0,0
 Jesus Christ,0,0,0, 9/11 First Tower,0,0,0
 Kevin O’Leary,0,0,0, The Pentagon,0,0,0
 I'm Your Uber Driver,0,0,0, 9/11 Second Tower,0,0,0
 Kamala's Gunz,0,0,0, Daaaaaa Jankees lose,0,0,0
 George W Bush,0,0,0, A Stupid Silly Cat,0,0,0
Scoring Period 15,,,,,,,
"(Mon Feb 2, 2026 - Sun Feb 8, 2026)",,,,,,,
,,,,,,,
 President of Retarded Operations,0,0,0, Haliban’s Heroes,0,0,0
 LAMELOcan Airlines Flight 11,0,0,0, CaitlinClark KeepsItHairy,0,0,0
 9/11 First Tower,0,0,0, The Noto Son,0,0,0
 The Pentagon,0,0,0, PartyMarty__,0,0,0
 9/11 Second Tower,0,0,0, Jesus Christ,0,0,0
 Daaaaaa Jankees lose,0,0,0, Kevin O’Leary,0,0,0
 A Stupid Silly Cat,0,0,0, I'm Your Uber Driver,0,0,0
 George W Bush,0,0,0, Kamala's Gunz,0,0,0
Scoring Period 16,,,,,,,
"(Mon Feb 9, 2026 - Sun Feb 22, 2026)",,,,,,,
,,,,,,,
 Haliban’s Heroes,0,0,0, LAMELOcan Airlines Flight 11,0,0,0
 President of Retarded Operations,0,0,0, 9/11 First Tower,0,0,0
 CaitlinClark KeepsItHairy,0,0,0, The Pentagon,0,0,0
 The Noto Son,0,0,0, 9/11 Second Tower,0,0,0
 PartyMarty__,0,0,0, Daaaaaa Jankees lose,0,0,0
 Jesus Christ,0,0,0, A Stupid Silly Cat,0,0,0
 Kevin O’Leary,0,0,0, George W Bush,0,0,0
 I'm Your Uber Driver,0,0,0, Kamala's Gunz,0,0,0
Scoring Period 17,,,,,,,
"(Mon Feb 23, 2026 - Sun Mar 1, 2026)",,,,,,,
,,,,,,,
 9/11 First Tower,0,0,0, Haliban’s Heroes,0,0,0
 The Pentagon,0,0,0, LAMELOcan Airlines Flight 11,0,0,0
 9/11 Second Tower,0,0,0, President of Retarded Operations,0,0,0
 Daaaaaa Jankees lose,0,0,0, CaitlinClark KeepsItHairy,0,0,0
 A Stupid Silly Cat,0,0,0, The Noto Son,0,0,0
 George W Bush,0,0,0, PartyMarty__,0,0,0
 Kamala's Gunz,0,0,0, Jesus Christ,0,0,0
 I'm Your Uber Driver,0,0,0, Kevin O’Leary,0,0,0
Scoring Period 18,,,,,,,
"(Mon Mar 2, 2026 - Sun Mar 8, 2026)",,,,,,,
,,,,,,,
 Haliban’s Heroes,0,0,0, The Pentagon,0,0,0
 9/11 First Tower,0,0,0, 9/11 Second Tower,0,0,0
 LAMELOcan Airlines Flight 11,0,0,0, Daaaaaa Jankees lose,0,0,0
 President of Retarded Operations,0,0,0, A Stupid Silly Cat,0,0,0
 CaitlinClark KeepsItHairy,0,0,0, George W Bush,0,0,0
 The Noto Son,0,0,0, Kamala's Gunz,0,0,0
 PartyMarty__,0,0,0, I'm Your Uber Driver,0,0,0
 Jesus Christ,0,0,0, Kevin O’Leary,0,0,0
