"ID","Player","Team","Position","RkOv","Status","Roster Status","Opponent","FPts","FP/G","Ros","+/-","FG-","3PTM","FT-","PTS","OREB","REB","AST","ST","BLK","TO","TF","EJ","3D","2D"
"*03e75*","Nikola Jokic","DEN","C,Flx","1","DBD","Active","","4152","122.12","100%","0%","9.4","2.1","1.3","30.6","3.5","13.2","9.9","1.8","0.6","3.1","0.00","0.00","0.5","28"
"*04qro*","Shai Gilgeous-Alexander","OKC","G,Flx","2","Fent","Active","CLE Thu 7:30PM","3436","88.1","100%","0%","9.9","2.1","0.8","31.4","0.8","5.5","6.0","2.0","1.1","2.7","0.03","0.00","0.0","3"
"*03ad3*","Karl-Anthony Towns","NY","F,C,Flx","3","BabyOil","Active","","3260","85.79","100%","0%","7.4","2.2","1.0","25.4","3.0","13.9","3.3","1.0","0.8","2.6","0.03","0.00","0.0","34"
"*042n7*","Domantas Sabonis","SAC","F,C,Flx","4","PRO","Active","HOU Thu 10:00PM","3200","86.49","100%","0%","5.4","1.1","0.9","20.6","3.9","14.1","6.3","0.7","0.5","2.9","0.03","0.00","0.1","35"
"*06cch*","Victor Wembanyama","SA","F,C,Flx","5","TRH","Active","","3141","92.38","100%","0%","9.9","3.2","0.5","24.7","1.8","10.7","3.7","1.1","4.0","3.4","0.03","0.00","0.0","17"
"*031m2*","Giannis Antetokounmpo","MIL","F,C,Flx","6","TRH","Active","","3073","93.12","100%","0%","8.3","0.1","4.3","31.3","2.1","11.8","6.1","0.8","1.4","3.6","0.00","0.00","0.2","29"
"*02nf1*","Anthony Davis","LAL","F,C,Flx","7","420","Active","","3036","84.33","100%","0%","8.6","0.8","1.8","25.8","2.8","11.9","3.5","1.3","2.1","2.3","0.03","0.00","0.0","28"
"*03xmv*","Jayson Tatum","BOS","F,Flx","8","ROMO","Active","","3013","81.43","100%","0%","10.9","3.7","1.4","27.7","0.7","9.4","5.4","1.2","0.5","2.8","0.14","0.00","0.0","20"
"*0011e*","LeBron James","LAL","F,Flx","9","15","Active","","2855","81.57","99%","-0.2%","8.7","2.2","1.0","23.6","0.9","7.5","8.8","0.8","0.5","3.7","0.03","0.00","0.2","17"
"*05uib*","Cade Cunningham","DET","G,Flx","10","EE","Active","IND Thu 7:00PM","2847","79.08","100%","0%","10.8","2.5","0.9","24.5","0.9","6.6","9.4","0.9","0.8","4.3","0.11","0.00","0.2","17"
"*04ewu*","Josh Hart","NY","G,F,Flx","11","J&J","Active","","2790","68.05","98%","0%","4.1","1.3","0.5","14.2","2.2","9.6","5.7","1.5","0.4","1.9","0.15","0.02","0.1","21"
"*04qsa*","Jalen Brunson","NY","G,Flx","12","Tribunal","Active","","2761","67.34","100%","0%","9.4","2.3","1.2","26.0","0.5","3.0","7.5","0.9","0.0","2.4","0.02","0.00","0.0","8"
"*05qtv*","Tyrese Haliburton","IND","G,Flx","13","15","Active","@DET Thu 7:00PM","2755","68.88","100%","0%","7.7","2.9","0.5","18.1","0.7","3.6","8.8","1.3","0.6","1.8","0.03","0.00","0.0","15"
"*04qrk*","Trae Young","ATL","G,Flx","14","Tribunal","Reserve","","2750","74.32","100%","0%","10.3","2.9","0.9","23.1","0.5","3.4","11.9","1.3","0.2","4.3","0.11","0.00","0.0","25"
"*027p0*","Nikola Vucevic","CHI","C,Flx","15","TRUMP","Active","","2748","68.7","100%","0%","6.6","2.0","0.4","20.1","2.4","10.3","3.3","0.8","0.7","1.6","0.07","0.00","0.0","26"
"*05qug*","Anthony Edwards","MIN","G,F,Flx","16","TRUMP","Active","","2646","66.15","100%","0%","11.3","4.2","0.8","25.9","0.7","5.7","4.2","1.3","0.6","3.3","0.23","0.00","0.0","1"
"*05uiq*","Alperen Sengun","HOU","C,Flx","17","J&J","Active","@SAC Thu 10:00PM","2626","67.33","100%","0%","8.0","0.3","1.4","19.3","3.4","10.4","5.1","1.3","0.9","2.6","0.13","0.03","0.1","24"
"*051ot*","Tyler Herro","MIA","G,Flx","18","TRH","Active","","2593","66.49","100%","0%","9.2","4.0","0.6","24.3","0.3","5.7","5.0","0.7","0.1","2.4","0.08","0.03","0.0","6"
"*01eo6*","James Harden","LAC","G,Flx","19","Sar","Active","@POR Thu 10:00PM","2590","70","100%","0%","9.5","2.9","0.8","21.5","0.6","5.9","8.0","1.5","0.6","4.6","0.03","0.00","0.0","15"
"*049kb*","De'Aaron Fox","SAC","G,Flx","20","TRUMP","Active","HOU Thu 10:00PM","2571","69.49","100%","0%","10.4","2.1","1.1","26.5","1.1","5.2","6.1","1.5","0.4","3.3","0.08","0.00","0.0","6"
"*04qrj*","Jaren Jackson","MEM","F,C,Flx","21","J&J","Active","","2497","64.03","100%","0%","8.5","1.8","1.3","22.7","1.5","6.4","2.1","1.5","1.7","2.3","0.03","0.00","0.0","3"
"*0621b*","Jalen Williams","OKC","G,F,C,Flx","22","EE","Reserve","CLE Thu 7:30PM","2477","63.51","100%","0%","8.8","1.7","0.7","20.6","0.8","5.7","5.2","1.8","0.7","2.3","0.03","0.00","0.0","3"
"*05uid*","Evan Mobley","CLE","F,C,Flx","23","J&J","Reserve","@OKC Thu 7:30PM","2463","66.57","100%","0%","5.3","1.2","0.9","19.0","2.1","9.0","2.9","0.9","1.4","2.0","0.00","0.00","0.0","18"
"*042nm*","Pascal Siakam","IND","F,C,Flx","24","Sar","Active","@DET Thu 7:00PM","2436","59.41","99%","-0.2%","7.0","1.8","0.9","20.0","1.7","7.3","3.3","0.9","0.3","1.3","0.05","0.00","0.0","6"
"*042nt*","Ivica Zubac","LAC","C,Flx","25","Sar","Active","@POR Thu 10:00PM","2433","62.38","99%","0%","4.1","0.0","1.3","15.0","3.8","12.6","2.5","0.6","1.2","1.8","0.03","0.00","0.0","25"
"*04ewe*","Donovan Mitchell","CLE","G,Flx","26","PRO","Active","@OKC Thu 7:30PM","2380","64.32","100%","0%","9.9","3.7","0.6","23.1","0.6","4.5","4.5","1.5","0.2","2.1","0.00","0.00","0.0","2"
"*051ol*","Darius Garland","CLE","G,Flx","27","420","Active","@OKC Thu 7:30PM","2348","61.79","99%","0%","7.6","2.9","0.3","21.0","0.4","2.5","6.7","1.1","0.2","2.4","0.11","0.00","0.0","4"
"*04ewf*","Bam Adebayo","MIA","C,Flx","28","PRO","Active","","2339","61.55","100%","0%","7.3","0.7","1.2","15.9","2.3","9.6","4.6","1.5","0.8","2.1","0.03","0.00","0.0","20"
"*03nwm*","Devin Booker","PHO","G,F,Flx","29","Sar","Active","@WAS Thu 7:00PM","2331","68.56","99%","0%","10.4","2.7","0.7","25.2","1.1","4.0","6.9","1.2","0.3","2.4","0.09","0.00","0.0","6"
"*05uiu*","Jalen Johnson","ATL","F,Flx","30","J&J","Inj Res","","2325","72.66","100%","0%","7.5","1.4","0.9","19.8","1.8","10.1","5.3","1.5","1.1","3.0","0.06","0.00","0.0","18"
"*02nf6*","Damian Lillard","MIL","G,Flx","31","BabyOil","Active","","2323","72.59","99%","0%","9.5","3.4","0.6","25.0","0.6","4.4","7.2","1.3","0.2","2.9","0.03","0.00","0.0","7"
"*04ewm*","Jarrett Allen","CLE","C,Flx","32","ROMO","Active","@OKC Thu 7:30PM","2304","59.08","100%","0%","2.4","0.0","0.9","14.1","2.6","10.2","2.0","1.0","0.9","1.0","0.00","0.00","0.0","22"
"*03ams*","Zach LaVine","CHI","G,F,Flx","33","420","Active","","2291","63.64","99%","0%","8.2","3.3","0.8","23.8","0.3","4.9","4.5","0.9","0.3","2.9","0.00","0.00","0.0","3"
"*01enh*","Stephen Curry","GS","G,Flx","34","TRUMP","Active","","2285","71.41","99%","-0.1%","9.3","4.4","0.2","22.9","0.5","5.0","6.2","1.2","0.5","3.1","0.00","0.00","0.0","5"
"*03ajv*","Julius Randle","MIN","F,C,Flx","35","Tribunal","Active","","2217","55.42","100%","-0.1%","7.4","1.6","1.0","19.5","2.0","7.1","4.3","0.6","0.2","3.0","0.00","0.00","0.0","8"
"*042n6*","Jakob Poeltl","TOR","C,Flx","36","15","Active","","2211","61.42","99%","0%","4.1","0.0","1.1","14.9","3.7","10.6","2.7","1.2","1.2","2.0","0.00","0.00","0.0","16"
"*04qrr*","Michael Porter","DEN","F,Flx","37","15","Active","","2207","55.17","99%","-0.1%","6.5","2.5","0.8","18.4","1.5","6.5","2.4","0.7","0.4","1.4","0.00","0.00","0.0","6"
"*05qsq*","Tyrese Maxey","PHI","G,Flx","38","Sar","Active","","2201","68.78","100%","0%","12.3","3.2","0.9","26.0","0.3","3.5","5.8","2.1","0.4","2.5","0.00","0.00","0.0","6"
"*04ewt*","Derrick White","BOS","G,Flx","39","BabyOil","Active","","2188","57.58","100%","0%","7.1","3.3","0.4","16.2","0.9","4.3","4.2","1.0","1.2","1.7","0.00","0.00","0.0","1"
"*005kc*","Russell Westbrook","DEN","G,Flx","40","Fent","Active","","2177","54.42","93%","+0.2%","5.8","1.2","1.2","13.2","1.4","5.1","6.5","1.6","0.6","2.9","0.07","0.00","0.1","8"
"*001aw*","Kevin Durant","PHO","F,Flx","41","BabyOil","Active","@WAS Thu 7:00PM","2079","71.69","99%","-0.3%","8.9","2.2","1.1","27.2","0.4","6.4","4.2","0.8","1.3","3.3","0.00","0.00","0.0","3"
"*0017e*","Chris Paul","SA","G,Flx","42","Sar","Active","","2054","52.67","97%","-0.1%","4.5","1.7","0.0","9.7","0.5","4.3","8.3","1.4","0.2","1.7","0.13","0.03","0.0","10"
"*04qrn*","Mikal Bridges","NY","G,F,Flx","43","DBD","Active","","2051","48.83","99%","-0.4%","7.6","2.4","0.3","18.0","0.9","3.1","3.1","1.0","0.5","1.5","0.00","0.00","0.0","0"
"*02xg9*","Rudy Gobert","MIN","C,Flx","44","ROMO","Active","","2050","51.25","98%","-0.4%","2.2","0.0","1.1","10.0","3.4","10.5","1.7","0.6","1.5","1.4","0.05","0.00","0.0","16"
"*042n4*","Jamal Murray","DEN","G,Flx","45","15","Active","","2045","60.15","99%","-0.4%","8.8","2.2","0.5","19.8","0.5","3.9","6.0","1.5","0.6","2.4","0.00","0.00","0.0","4"
"*027oj*","Kyrie Irving","DAL","G,Flx","46","Fent","Active","","2042","65.87","99%","+0.1%","9.5","3.0","0.4","23.9","1.0","4.5","4.8","1.3","0.4","2.2","0.00","0.00","0.0","0"
"*05qto*","LaMelo Ball","CHA","G,Flx","47","EE","Active","","2030","78.08","100%","0%","14.1","4.4","0.9","29.6","1.0","5.5","7.5","1.4","0.3","4.0","0.04","0.00","0.0","8"
"*03ad2*","Myles Turner","IND","C,Flx","48","Tribunal","Active","@DET Thu 7:00PM","2030","53.42","100%","-0.1%","5.7","1.9","0.8","15.1","1.4","7.1","1.5","0.8","2.0","2.0","0.03","0.00","0.0","7"
"*04ewn*","OG Anunoby","NY","G,F,Flx","49","15","Reserve","","2027","48.26","98%","-0.6%","6.8","2.0","0.5","16.0","1.2","4.6","1.9","1.4","0.9","1.4","0.02","0.00","0.0","0"
"*05uig*","Josh Giddey","CHI","G,F,Flx","50","15","Active","","2021","54.62","100%","-0.1%","5.8","1.2","0.5","11.6","1.5","7.4","6.8","1.1","0.5","2.7","0.08","0.00","0.1","10"
"*051oj*","RJ Barrett","TOR","G,F,Flx","51","J&J","Active","","2011","60.94","99%","0%","9.7","1.8","1.8","22.4","1.0","6.7","5.9","0.8","0.4","3.3","0.09","0.00","0.1","8"
"*04848*","Fred VanVleet","HOU","G,Flx","52","420","Active","@SAC Thu 10:00PM","2008","54.27","98%","-0.3%","8.3","2.5","0.5","15.0","0.7","4.1","6.1","1.7","0.5","1.5","0.05","0.05","0.0","4"
"*05qt1*","Payton Pritchard","BOS","G,Flx","53","PRO","Reserve","","1985","49.62","81%","-1.8%","5.8","3.4","0.2","14.7","1.4","3.6","3.4","0.9","0.1","1.0","0.00","0.00","0.0","3"
"*03lls*","Jaylen Brown","BOS","G,F,Flx","54","420","Active","","1978","59.94","98%","-0.2%","10.3","2.1","1.4","23.4","1.5","5.9","4.7","1.2","0.3","2.8","0.09","0.00","0.0","3"
"*051on*","Coby White","CHI","G,Flx","55","DBD","Active","","1970","51.84","99%","0%","8.3","3.0","0.3","18.5","0.4","3.4","4.7","1.1","0.2","2.4","0.00","0.00","0.0","1"
"*04kj6*","Luka Doncic","DAL","G,Flx","56","MylS","Inj Res","","1962","89.18","100%","0%","11.4","3.4","1.5","28.1","0.7","8.3","7.8","2.0","0.4","3.4","0.23","0.00","0.1","10"
"*06217*","Dyson Daniels","ATL","G,Flx","57","TRUMP","Reserve","","1940","53.89","95%","0%","6.7","1.2","0.6","13.0","1.7","5.0","3.6","3.1","0.8","1.7","0.03","0.00","0.0","1"
"*0621l*","Walker Kessler","UTA","C,Flx","58","Sar","Active","","1929","60.28","98%","-0.1%","1.8","0.1","1.2","10.8","4.3","11.3","1.5","0.5","2.5","1.4","0.03","0.00","0.0","16"
"*05uic*","Jalen Green","HOU","G,Flx","59","EE","Active","@SAC Thu 10:00PM","1920","49.23","100%","+0.1%","9.7","2.8","0.5","21.3","0.6","4.4","2.6","1.0","0.3","2.3","0.10","0.03","0.0","1"
"*05uie*","Scottie Barnes","TOR","G,F,Flx","60","J&J","Active","","1892","67.57","100%","0%","8.9","1.5","1.2","20.3","1.7","8.0","6.5","1.5","0.9","3.4","0.14","0.00","0.0","11"
"*051or*","Cameron Johnson","BKN","F,Flx","61","PRO","Reserve","","1869","56.64","96%","0%","6.5","3.2","0.4","19.6","0.8","4.2","3.0","0.8","0.5","1.6","0.03","0.00","0.0","1"
"*05uus*","Austin Reaves","LAL","G,F,Flx","62","MylS","Active","","1859","56.33","100%","0%","7.8","2.6","0.7","17.9","0.9","4.3","6.2","1.1","0.1","2.5","0.09","0.00","0.0","6"
"*06ca8*","Amen Thompson","HOU","G,F,Flx","63","BabyOil","Active","@SAC Thu 10:00PM","1850","50","98%","0%","3.9","0.3","1.2","12.6","2.6","7.8","2.4","1.2","1.2","1.9","0.03","0.03","0.0","10"
"*005ki*","Brook Lopez","MIL","C,Flx","64","Fent","Active","","1842","47.23","95%","-0.7%","4.9","1.9","0.3","12.3","1.1","4.7","1.6","0.8","1.9","1.1","0.00","0.00","0.0","1"
"*03r7z*","Norman Powell","LAC","G,F,Flx","65","Sar","Active","@POR Thu 10:00PM","1837","57.41","94%","0%","8.5","3.6","0.7","23.7","0.3","3.4","2.3","1.3","0.2","2.1","0.00","0.00","0.0","1"
"*05qt3*","Desmond Bane","MEM","G,F,Flx","66","420","Active","","1815","56.72","99%","+0.1%","6.8","2.2","0.4","17.2","0.8","5.6","4.9","1.3","0.5","2.6","0.09","0.00","0.0","3"
"*01eon*","DeMar DeRozan","SAC","G,F,Flx","67","DBD","Active","HOU Thu 10:00PM","1805","51.57","100%","0%","8.6","0.8","0.7","21.1","0.5","3.7","3.9","1.3","0.4","1.5","0.03","0.00","0.0","0"
"*05qtj*","Deni Avdija","POR","F,Flx","68","PRO","Active","LAC Thu 10:00PM","1793","47.18","96%","-0.1%","5.6","1.5","0.8","14.0","1.3","6.3","3.3","1.0","0.6","2.4","0.03","0.00","0.0","5"
"*06mkd*","Yves Missi","NO","C,Flx","69","420","Reserve","","1787","43.59","76%","-1.9%","2.8","0.0","1.0","9.1","3.6","8.2","1.4","0.6","1.4","1.2","0.00","0.00","0.0","8"
"*0621c*","Jalen Duren","DET","C,Flx","70","BabyOil","Active","IND Thu 7:00PM","1775","47.97","98%","-0.1%","1.8","0.0","1.0","9.5","3.2","9.4","2.4","0.6","1.2","1.8","0.05","0.00","0.0","13"
"*051p8*","Jordan Poole","WAS","G,Flx","71","DBD","Active","PHO Thu 7:00PM","1757","56.68","99%","0%","9.1","3.6","0.7","21.5","0.4","2.8","4.8","1.5","0.5","3.7","0.19","0.00","0.0","0"
"*04qs1*","Anfernee Simons","POR","G,Flx","72","15","Active","LAC Thu 10:00PM","1749","48.58","98%","-0.1%","8.9","3.0","0.2","18.7","0.3","2.7","5.0","0.9","0.1","2.3","0.03","0.00","0.0","1"
"*06215*","Bennedict Mathurin","IND","G,F,Flx","73","420","Reserve","@DET Thu 7:00PM","1747","42.61","89%","-0.4%","6.7","1.5","0.8","16.5","1.2","6.0","2.0","0.6","0.4","2.0","0.05","0.02","0.0","7"
"*03ad0*","Tyus Jones","PHO","G,Flx","74","DBD","Active","@WAS Thu 7:00PM","1739","45.76","91%","-2.2%","4.8","2.1","0.1","11.6","0.6","2.5","6.0","0.9","0.1","1.3","0.00","0.00","0.0","4"
"*051oy*","Goga Bitadze","ORL","C,Flx","75","Fent","Active","","1731","48.08","76%","-1.7%","2.5","0.1","0.7","9.6","2.8","8.2","2.4","0.9","1.6","1.4","0.17","0.03","0.0","14"
"*05uii*","Franz Wagner","ORL","G,F,Flx","77","MylS","Inj Res","","1725","69","100%","+0.2%","10.1","2.0","0.6","24.4","0.9","5.6","5.7","1.7","0.5","2.4","0.04","0.00","0.0","2"
"*027p4*","Tobias Harris","DET","F,Flx","76","EE","Reserve","IND Thu 7:00PM","1725","45.39","97%","-0.5%","6.1","1.4","0.3","13.3","1.0","6.4","2.5","0.8","0.8","1.2","0.05","0.00","0.0","4"
"*03nwn*","Bobby Portis","MIL","F,C,Flx","78","TRH","Active","","1723","45.34","94%","-1%","6.2","1.3","0.3","13.5","1.7","8.0","2.0","0.7","0.5","1.2","0.05","0.00","0.0","6"
"*0621k*","Christian Braun","DEN","G,F,Flx","79","MylS","Active","","1722","44.15","82%","-1.6%","4.1","0.9","0.5","13.6","1.2","4.7","2.0","1.1","0.6","1.1","0.03","0.00","0.0","0"
"*03e6s*","Clint Capela","ATL","C,Flx","80","PRO","Reserve","","1710","42.75","91%","-0.2%","3.2","0.0","0.9","9.4","3.1","8.9","1.3","0.6","1.0","0.9","0.00","0.00","0.0","9"
"*05uj4*","Santi Aldama","MEM","F,C,Flx","81","Sar","Active","","1701","48.6","79%","-2%","4.9","1.7","0.4","12.9","1.5","7.1","2.8","0.9","0.5","1.1","0.09","0.00","0.0","9"
"*042ne*","Malik Beasley","DET","G,F,Flx","82","BabyOil","Active","IND Thu 7:00PM","1696","42.4","73%","-1%","7.8","3.8","0.5","16.5","0.6","3.0","1.9","0.9","0.1","1.1","0.07","0.00","0.0","1"
"*051pi*","Daniel Gafford","DAL","F,C,Flx","83","PRO","Reserve","","1691","43.36","89%","-1.7%","2.0","0.0","1.0","11.7","2.4","6.0","1.2","0.4","1.4","1.1","0.00","0.00","0.0","3"
"*04qrm*","Collin Sexton","UTA","G,Flx","84","DBD","Inj Res","","1686","44.37","96%","-0.3%","7.2","1.9","0.3","18.2","0.9","2.8","3.9","0.7","0.1","2.5","0.08","0.00","0.0","1"
"*04azw*","Lauri Markkanen","UTA","F,Flx","85","J&J","Active","","1684","54.32","99%","-0.4%","8.5","3.1","0.6","20.1","1.7","6.1","1.9","0.8","0.3","1.4","0.00","0.00","0.0","3"
"*049kc*","Malik Monk","SAC","G,Flx","86","EE","Inj Res","HOU Thu 10:00PM","1681","52.53","95%","-0.1%","8.0","2.4","0.3","17.2","0.3","3.8","5.4","1.0","0.5","1.9","0.06","0.00","0.0","3"
"*031m4*","Dennis Schroder","GS","G,Flx","87","15","Reserve","","1676","44.11","90%","-2.1%","7.5","2.1","0.4","15.2","0.3","2.6","5.8","1.0","0.2","2.4","0.13","0.00","0.0","4"
"*0623a*","Scotty Pippen","MEM","G,Flx","88","BabyOil","Reserve","","1652","40.29","63%","-10.1%","4.2","1.1","0.7","10.2","0.7","3.4","4.7","1.2","0.4","2.0","0.05","0.00","0.0","6"
"*0527h*","Naz Reid","MIN","F,C,Flx","89","Fent","Active","","1650","41.25","95%","-0.3%","5.5","1.9","0.4","13.0","0.9","5.2","1.7","0.7","0.8","1.3","0.07","0.00","0.0","2"
"*05uif*","Jalen Suggs","ORL","G,Flx","90","TRH","Inj Res","","1636","48.12","98%","-0.1%","8.2","2.2","0.3","16.4","0.7","4.1","3.7","1.5","1.0","2.9","0.12","0.00","0.0","0"
"*02ym0*","Andrew Wiggins","GS","F,Flx","91","Tribunal","Active","","1632","48","91%","-1.1%","7.1","2.1","0.8","16.8","1.5","4.4","2.3","0.9","0.8","1.3","0.00","0.00","0.0","2"
"*051os*","P.J. Washington","DAL","F,Flx","92","TRH","Active","","1627","47.85","95%","0%","6.3","1.5","0.7","13.0","1.4","7.8","2.1","1.3","1.0","1.7","0.03","0.03","0.0","10"
"*027oo*","Jonas Valanciunas","WAS","C,Flx","93","MylS","Active","PHO Thu 7:00PM","1622","42.68","93%","-0.8%","3.8","0.1","0.2","11.6","2.4","8.1","2.2","0.5","0.7","2.0","0.08","0.00","0.0","10"
"*04qru*","Donte DiVincenzo","MIN","G,F,Flx","94","ROMO","Active","","1612","40.3","90%","-0.3%","5.6","2.6","0.2","11.0","0.6","3.7","3.6","1.2","0.2","1.8","0.00","0.00","0.0","1"
"*06213*","Keegan Murray","SAC","F,Flx","95","TRH","Active","HOU Thu 10:00PM","1600","43.24","97%","+0.2%","6.4","1.8","0.2","11.9","2.1","7.2","1.4","0.7","0.8","0.9","0.00","0.00","0.0","10"
"*04ewk*","John Collins","UTA","F,C,Flx","96","TRUMP","Inj Res","","1587","58.78","98%","-0.2%","5.9","1.4","0.5","17.9","2.3","8.3","2.5","1.1","0.9","2.5","0.07","0.00","0.0","8"
"*06cc8*","Dereck Lively","DAL","C,Flx","97","ROMO","Active","","1583","49.47","95%","+0.3%","1.7","0.0","0.8","9.1","3.1","7.8","2.6","0.5","1.7","1.2","0.00","0.00","0.0","7"
"*042nq*","Dejounte Murray","NO","G,Flx","99","420","Active","","1569","62.76","100%","0%","9.9","1.8","0.7","17.2","0.6","6.5","7.6","2.3","0.4","3.6","0.00","0.00","0.0","7"
"*05uir*","Trey Murphy","NO","F,Flx","98","Tribunal","Active","","1569","60.35","98%","+0.1%","8.9","3.1","0.3","21.6","1.1","5.0","2.8","1.2","0.8","1.6","0.00","0.00","0.0","1"
"*031lx*","CJ McCollum","NO","G,Flx","100","420","Active","","1536","52.97","98%","-0.1%","10.2","3.0","1.0","21.5","0.8","3.5","3.8","0.8","0.5","1.6","0.07","0.00","0.0","0"
"*06cd4*","Toumani Camara","POR","F,Flx","101","TRH","Active","LAC Thu 10:00PM","1527","40.18","62%","-2%","4.9","1.5","0.3","9.8","2.3","5.6","2.0","1.4","0.5","1.4","0.00","0.00","0.0","1"
"*03nwk*","Kelly Oubre Jr.","PHI","G,F,Flx","102","J&J","Active","","1524","42.33","87%","0%","6.1","1.2","0.7","13.4","1.6","5.8","1.6","1.5","0.5","1.3","0.06","0.00","0.0","5"
"*02nfz*","Draymond Green","GS","F,C,Flx","103","DBD","Active","","1520","46.06","93%","-0.7%","4.2","1.4","0.8","8.7","1.1","6.2","5.6","1.1","1.2","2.5","0.24","0.03","0.0","3"
"*06cca*","Brandon Miller","CHA","F,Flx","104","TRUMP","Active","","1517","56.19","100%","-0.1%","10.9","3.9","0.4","21.0","0.9","4.9","3.6","1.1","0.7","2.8","0.04","0.00","0.0","2"
"*05qu0*","Jaden McDaniels","MIN","F,Flx","105","TRH","Reserve","","1514","37.85","71%","-2.7%","4.8","1.3","0.3","10.0","1.4","4.8","1.6","1.4","0.8","1.1","0.03","0.00","0.0","2"
"*01uyj*","Paul George","PHI","G,F,Flx","106","TRUMP","Active","","1509","55.89","98%","0%","8.6","2.4","0.5","17.2","0.7","5.9","4.7","1.8","0.4","2.7","0.04","0.00","0.0","3"
"*01eo9*","Jrue Holiday","BOS","G,Flx","107","Tribunal","Active","","1507","44.32","94%","-0.6%","5.3","1.8","0.2","11.9","1.2","4.3","3.9","1.0","0.4","1.4","0.00","0.00","0.0","0"
"*06mju*","Alex Sarr","WAS","F,C,Flx","108","TRUMP","Active","PHO Thu 7:00PM","1501","44.15","95%","-0.7%","6.4","1.5","0.8","11.7","1.9","6.6","2.3","0.6","1.6","1.5","0.00","0.00","0.0","5"
"*03xmt*","Guerschon Yabusele","PHI","F,C,Flx","109","BabyOil","Active","","1496","38.36","53%","-2.2%","3.5","1.5","0.6","10.1","1.9","5.4","1.9","0.7","0.4","1.3","0.03","0.00","0.0","2"
"*06cc1*","Bilal Coulibaly","WAS","F,Flx","110","TRUMP","Active","PHO Thu 7:00PM","1488","43.76","88%","-2%","6.1","1.1","0.7","12.4","1.4","5.2","3.4","1.4","0.8","2.1","0.00","0.00","0.0","1"
"*062dn*","Julian Champagnie","SA","F,Flx","111","ROMO","Reserve","","1470","37.69","50%","-6.3%","5.4","2.6","0.1","11.7","0.7","4.5","1.3","0.7","0.5","1.0","0.00","0.00","0.0","0"
"*04ex6*","Isaiah Hartenstein","OKC","C,Flx","112","15","Active","CLE Thu 7:30PM","1464","61","97%","0%","3.9","0.0","0.8","11.8","2.8","12.2","4.1","0.9","1.3","2.0","0.00","0.00","0.0","15"
"*0527l*","Luguentz Dort","OKC","G,F,Flx","113","ROMO","Active","CLE Thu 7:30PM","1457","38.34","65%","-1.9%","4.9","2.2","0.2","9.7","1.4","4.4","1.6","1.1","0.7","0.7","0.05","0.00","0.0","0"
"*05qtt*","Onyeka Okongwu","ATL","C,Flx","114","Fent","Inj Res","","1451","43.97","87%","-0.6%","3.7","0.4","0.6","11.2","2.7","7.4","1.8","0.7","0.8","0.8","0.03","0.00","0.0","8"
"*06ccv*","Trayce Jackson-Davis","GS","F,C,Flx","115","15","Active","","1447","37.1","88%","-2%","2.7","0.0","0.7","8.5","2.3","6.3","2.2","0.5","0.8","0.9","0.00","0.00","0.0","4"
"*049kd*","Deandre Ayton","POR","C,Flx","117","DBD","Active","LAC Thu 10:00PM","1435","49.48","98%","-0.2%","4.9","0.2","0.4","13.5","2.8","10.0","1.4","0.8","1.0","1.8","0.07","0.00","0.0","16"
"*0621i*","Jake LaRavia","MEM","F,Flx","119","MylS","Active","","1426","35.65","37%","-4.5%","2.8","0.9","0.6","8.1","1.4","4.4","3.1","0.8","0.5","1.6","0.00","0.00","0.0","2"
"*027ou*","Klay Thompson","DAL","G,F,Flx","120","TRH","Active","","1421","39.47","92%","-0.7%","7.1","3.0","0.1","13.9","0.6","3.4","1.9","0.9","0.4","1.4","0.00","0.00","0.0","0"
"*03wr4*","T.J. McConnell","IND","G,Flx","121","MylS","Active","@DET Thu 7:00PM","1417","35.42","63%","+1.5%","4.0","0.2","0.3","10.4","0.6","2.5","4.5","1.1","0.3","1.6","0.05","0.00","0.0","1"
"*02nf3*","Bradley Beal","PHO","G,F,Flx","122","Tribunal","Active","@WAS Thu 7:00PM","1415","48.79","96%","-0.2%","7.2","2.1","0.6","17.5","0.7","3.6","3.3","1.1","0.7","1.9","0.03","0.00","0.0","0"
"*051oi*","Ja Morant","MEM","G,Flx","124","Sar","Active","","1411","58.79","100%","-0.1%","9.0","1.5","1.1","21.4","0.7","4.3","7.5","1.3","0.3","3.9","0.21","0.04","0.0","8"
"*05ujc*","Ayo Dosunmu","CHI","G,Flx","125","TRH","Inj Res","","1409","45.45","78%","-0.3%","5.0","1.3","0.4","12.5","0.6","3.9","4.7","0.8","0.5","1.3","0.00","0.00","0.0","1"
"*05uih*","Jonathan Kuminga","GS","F,C,Flx","127","DBD","Inj Res","","1380","43.12","94%","-0.6%","7.2","1.3","1.9","16.8","1.4","5.0","2.2","0.9","0.6","1.6","0.00","0.00","0.0","2"
"*06cc2*","Gradey Dick","TOR","G,F,Flx","128","Sar","Reserve","","1373","39.23","81%","-4.1%","8.0","2.4","0.3","16.2","0.8","3.4","2.1","0.9","0.2","1.7","0.00","0.00","0.0","0"
"*051pb*","Nicolas Claxton","BKN","C,Flx","129","15","Reserve","","1367","40.21","95%","-0.5%","3.6","0.0","1.2","9.7","1.9","7.5","2.1","0.9","1.2","1.1","0.12","0.09","0.0","8"
"*06cac*","Cason Wallace","OKC","G,F,Flx","130","J&J","Reserve","CLE Thu 7:30PM","1357","35.71","55%","+1.3%","3.7","1.0","0.1","7.4","1.1","3.3","2.4","1.7","0.6","0.6","0.03","0.00","0.0","0"
"*06216*","Shaedon Sharpe","POR","G,F,Flx","131","Fent","Active","LAC Thu 10:00PM","1356","43.74","93%","+0.3%","8.3","2.0","0.7","18.4","0.6","3.7","2.7","0.9","0.3","1.8","0.00","0.00","0.0","0"
"*051op*","Rui Hachimura","LAL","F,Flx","132","BabyOil","Reserve","","1349","40.88","65%","-5.5%","4.7","1.5","0.4","12.2","1.6","5.2","1.5","0.9","0.6","1.0","0.00","0.00","0.0","1"
"*03ad4*","D'Angelo Russell","BKN","G,Flx","133","Tribunal","Active","","1346","40.79","95%","-0.6%","6.2","1.9","0.3","12.4","0.2","2.7","5.1","1.0","0.2","1.8","0.03","0.00","0.0","2"
"*042nf*","Caris LeVert","CLE","G,F,Flx","134","TRH","Active","@OKC Thu 7:30PM","1345","40.76","68%","-2%","4.2","1.8","0.7","11.1","0.6","2.9","3.8","0.9","0.5","1.3","0.03","0.00","0.0","0"
"*05uiz*","Quentin Grimes","DAL","G,F,Flx","135","EE","Active","","1342","34.41","55%","-6.5%","4.2","1.7","0.4","10.4","0.7","4.0","2.1","0.7","0.2","1.2","0.00","0.00","0.0","0"
"*06cby*","Keyonte George","UTA","G,Flx","137","Fent","Active","","1325","45.69","91%","-0.8%","8.3","2.8","0.7","16.0","0.4","3.4","5.7","0.8","0.2","3.2","0.00","0.00","0.0","1"
"*06mk6*","Carlton Carrington","WAS","G,Flx","139","DBD","Reserve","PHO Thu 7:00PM","1318","34.68","64%","-5.3%","5.0","1.6","0.2","8.9","0.3","4.3","4.1","0.7","0.2","1.6","0.03","0.00","0.0","2"
"*027pe*","Jimmy Butler","MIA","F,Flx","140","ROMO","Inj Res","","1313","59.68","97%","0%","4.7","0.5","1.5","17.6","2.3","5.5","4.7","1.2","0.4","1.2","0.00","0.00","0.0","2"
"*031lv*","Kentavious Caldwell-Pope","ORL","G,F,Flx","147","TRH","Reserve","","1278","31.95","63%","-7.2%","4.5","1.6","0.1","9.1","0.3","2.0","2.0","1.6","0.6","0.9","0.17","0.00","0.0","0"
"*051ok*","De'Andre Hunter","ATL","F,Flx","148","EE","Inj Res","","1275","47.22","79%","-1.1%","6.9","2.7","0.7","19.4","0.6","4.0","1.5","0.9","0.1","1.5","0.04","0.00","0.0","0"
"*04qrp*","Miles Bridges","CHA","F,Flx","149","Tribunal","Active","","1267","52.79","99%","-0.1%","8.8","2.0","0.4","18.3","0.9","7.7","3.7","0.7","0.6","1.9","0.13","0.04","0.0","4"
"*051p4*","Ty Jerome","CLE","G,Flx","150","ROMO","Inj Res","@OKC Thu 7:30PM","1267","35.19","34%","-3.5%","3.7","1.3","0.2","10.1","0.7","2.2","3.4","1.2","0.0","1.1","0.06","0.00","0.0","0"
"*000zv*","Al Horford","BOS","F,C,Flx","152","Fent","Reserve","","1249","39.03","68%","-3.7%","4.3","2.0","0.1","8.6","1.0","5.4","2.1","0.7","0.9","0.8","0.00","0.00","0.0","1"
"*03aq2*","Jerami Grant","POR","F,Flx","157","Tribunal","Inj Res","LAC Thu 10:00PM","1224","42.21","90%","-0.6%","7.9","2.4","0.6","15.0","0.5","3.6","2.3","0.9","1.0","1.4","0.00","0.00","0.0","0"
"*06cdn*","Scoot Henderson","POR","G,Flx","159","420","Active","LAC Thu 10:00PM","1221","38.16","89%","-1.9%","5.7","1.3","0.8","11.8","0.7","2.9","5.0","1.1","0.3","2.8","0.00","0.00","0.0","1"
"*0623m*","Keon Ellis","SAC","G,F,Flx","158","J&J","Reserve","HOU Thu 10:00PM","1221","32.13","56%","-4.6%","2.8","1.5","0.2","7.4","0.8","2.4","1.2","1.4","0.8","0.8","0.00","0.00","0.0","0"
"*06cbx*","Jaime Jaquez","MIA","G,F,Flx","160","Sar","Reserve","","1216","34.74","86%","-1%","4.5","0.7","0.7","9.6","1.3","4.8","2.7","1.3","0.1","1.7","0.00","0.00","0.0","2"
"*04fj8*","Chris Boucher","TOR","F,C,Flx","161","PRO","Reserve","","1208","33.56","32%","+0.6%","3.9","1.4","0.4","10.5","1.4","4.5","0.7","0.6","0.6","0.6","0.06","0.00","0.0","2"
"*03lg1*","Ben Simmons","BKN","G,C,Flx","163","Tribunal","Inj Res","","1175","40.52","78%","-0.2%","2.3","0.0","0.2","6.3","0.9","5.3","7.1","0.8","0.5","2.8","0.10","0.00","0.0","1"
"*03nwl*","Terry Rozier","MIA","G,Flx","167","ROMO","Active","","1162","33.2","82%","-3.6%","6.5","1.5","0.2","11.8","0.7","4.0","2.8","0.6","0.4","1.6","0.03","0.03","0.0","0"
"*04qrw*","Kevin Huerter","SAC","G,Flx","174","MylS","Active","HOU Thu 10:00PM","1115","30.97","29%","-1.3%","4.6","1.6","0.2","8.8","0.5","3.2","1.9","1.0","0.4","0.9","0.00","0.00","0.0","0"
"*0621g*","Tari Eason","HOU","F,Flx","179","J&J","Inj Res","@SAC Thu 10:00PM","1087","45.29","83%","-1.9%","4.8","1.0","0.5","11.3","2.1","6.3","1.0","1.9","1.0","0.8","0.08","0.00","0.0","2"
"*04qry*","Grayson Allen","PHO","G,F,Flx","178","MylS","Active","@WAS Thu 7:00PM","1087","36.23","62%","-3.9%","4.3","2.4","0.3","10.9","0.6","3.1","1.8","0.9","0.3","1.0","0.00","0.00","0.0","1"
"*06mk1*","Zach Edey","MEM","C,Flx","183","MylS","Active","","1083","40.11","90%","-2.7%","2.9","0.4","0.7","9.7","3.4","7.4","0.9","0.7","1.1","1.6","0.04","0.00","0.0","4"
"*05qtr*","Devin Vassell","SA","G,F,Flx","186","PRO","Reserve","","1071","44.62","94%","-0.2%","7.7","2.2","0.5","15.8","0.8","3.9","3.1","1.3","0.4","1.7","0.04","0.00","0.0","0"
"*042n1*","Brandon Ingram","NO","G,F,Flx","188","EE","Active","","1058","58.78","98%","0%","9.9","2.4","0.4","22.2","0.9","5.6","5.2","0.9","0.6","3.8","0.00","0.00","0.0","0"
"*06218*","Jeremy Sochan","SA","F,Flx","192","PRO","Reserve","","1046","47.55","92%","-0.6%","4.7","0.5","0.9","13.4","2.7","8.0","2.6","0.9","0.6","1.8","0.14","0.00","0.0","6"
"*0621q*","Nikola Jovic","MIA","F,Flx","193","EE","Active","","1043","34.77","66%","+0.6%","4.2","1.4","0.4","9.8","0.7","3.9","2.5","0.8","0.3","0.9","0.00","0.00","0.0","0"
"*06mjz*","Donovan Clingan","POR","C,Flx","199","MylS","Active","LAC Thu 10:00PM","1021","32.94","72%","+1%","2.0","0.2","0.3","5.6","2.7","6.5","0.6","0.5","1.5","1.2","0.00","0.00","0.0","2"
"*05uj1*","Cameron Thomas","BKN","G,F,Flx","203","PRO","Inj Res","","1007","53","99%","-0.1%","9.8","2.8","0.8","24.7","0.5","3.6","3.4","0.7","0.1","2.7","0.11","0.00","0.0","0"
"*03e6n*","Jusuf Nurkic","PHO","C,Flx","210","MylS","Reserve","@WAS Thu 7:00PM","982","39.28","82%","-5.7%","3.6","0.8","0.8","8.6","1.8","9.2","1.9","0.9","0.6","2.3","0.08","0.04","0.0","8"
"*03el5*","Kristaps Porzingis","BOS","F,C,Flx","211","MylS","Active","","977","57.47","97%","0%","7.4","2.2","0.9","18.5","1.9","7.3","1.6","0.7","1.5","1.1","0.12","0.00","0.0","3"
"*0621u*","Andrew Nembhard","IND","G,Flx","212","EE","Active","@DET Thu 7:00PM","970","37.31","78%","+0.4%","4.6","0.8","0.5","10.7","0.5","3.3","5.0","1.0","0.1","1.8","0.12","0.00","0.0","0"
"*04ewd*","Luke Kennard","MEM","G,Flx","215","ROMO","Reserve","","967","34.54","25%","-6.1%","3.5","2.1","0.1","8.8","0.7","3.0","3.2","0.6","0.1","0.9","0.00","0.00","0.0","0"
"*05qtl*","Cole Anthony","ORL","G,Flx","224","EE","Active","","914","23.44","53%","+0.6%","4.4","0.9","0.4","8.0","0.5","2.6","2.7","0.5","0.3","1.6","0.10","0.00","0.0","0"
"*03byk*","Jordan Clarkson","UTA","G,F,Flx","230","PRO","Inj Res","","874","39.73","70%","-3.5%","7.7","1.9","0.8","16.0","0.6","3.4","3.8","0.9","0.3","2.5","0.09","0.05","0.0","0"
"*06cbz*","Brice Sensabaugh","UTA","F,Flx","234","EE","Active","","850","28.33","37%","-3.5%","4.0","1.8","0.1","10.0","0.7","2.8","1.4","0.6","0.1","1.5","0.00","0.00","0.0","0"
"*03al0*","Aaron Gordon","DEN","F,Flx","239","Fent","Active","","820","43.16","90%","+0.4%","4.3","1.2","0.8","13.4","1.8","5.6","2.8","0.5","0.3","1.3","0.05","0.00","0.0","2"
"*03al2*","Joel Embiid","PHI","C,Flx","240","EE","Active","","809","62.23","99%","-0.1%","9.2","1.2","0.7","24.4","1.7","7.9","3.8","0.8","1.0","3.2","0.23","0.08","0.0","4"
"*0621e*","Mark Williams","CHA","C,Flx","241","TRUMP","Active","","802","53.47","96%","0%","2.9","0.0","0.9","14.2","2.9","8.6","2.1","0.6","0.9","1.1","0.00","0.00","0.0","4"
"*05qtd*","Nick Richards","PHO","C,Flx","242","J&J","Reserve","@WAS Thu 7:00PM","796","37.9","52%","-2.8%","2.4","0.0","1.3","8.9","2.4","7.5","1.3","0.3","1.2","1.6","0.00","0.00","0.0","5"
"*049ka*","Lonzo Ball","CHI","G,Flx","247","420","Reserve","","767","36.52","58%","+2.3%","3.6","1.7","0.1","6.5","0.5","3.3","3.8","1.5","0.6","1.2","0.05","0.00","0.0","0"
"*06mle*","Kyle Filipowski","UTA","F,C,Flx","250","TRUMP","Reserve","","747","25.76","32%","-1.3%","2.4","0.6","0.6","6.1","0.9","4.6","1.8","0.6","0.1","1.0","0.00","0.00","0.0","0"
"*05uul*","Jose Alvarado","NO","G,Flx","252","TRH","Active","","730","38.42","34%","-2.6%","4.9","2.1","0.2","9.7","0.6","1.9","4.0","1.5","0.2","1.1","0.00","0.00","0.0","0"
"*042nw*","Malcolm Brogdon","WAS","G,Flx","256","Fent","Reserve","PHO Thu 7:00PM","708","39.33","64%","-3.4%","6.0","0.8","0.4","13.8","0.9","4.1","3.9","0.6","0.3","1.7","0.00","0.00","0.0","2"
"*04ewr*","Kyle Kuzma","WAS","F,Flx","259","DBD","Active","PHO Thu 7:00PM","704","33.52","93%","-1.4%","7.9","1.1","1.1","14.5","0.6","5.2","2.3","0.7","0.2","2.3","0.00","0.00","0.0","1"
"*02ng3*","Khris Middleton","MIL","F,Flx","265","Fent","Active","","687","42.94","90%","-1.8%","5.2","1.4","0.4","12.6","0.3","3.9","4.9","0.9","0.1","1.9","0.00","0.00","0.0","0"
"*0496e*","Alex Caruso","OKC","G,Flx","275","PRO","Reserve","CLE Thu 7:30PM","645","30.71","63%","+0.1%","3.5","0.9","0.1","5.4","0.6","2.8","2.4","1.9","0.6","0.7","0.00","0.00","0.0","0"
"*06211*","Chet Holmgren","OKC","F,C,Flx","280","Fent","Inj Res","CLE Thu 7:30PM","623","62.3","99%","+0.2%","5.5","1.4","1.1","16.4","1.6","8.7","2.0","0.8","2.6","2.3","0.00","0.00","0.0","4"
"*05qtk*","Vit Krejci","ATL","G,Flx","289","BabyOil","Active","","596","23.84","14%","+0.7%","2.6","1.0","0.2","5.2","0.4","2.4","2.4","0.6","0.4","0.9","0.00","0.00","0.0","0"
"*06210*","Paolo Banchero","ORL","F,Flx","295","Tribunal","Active","","581","72.62","100%","0%","9.3","2.4","3.4","27.6","1.8","8.0","4.9","0.6","0.9","3.4","0.13","0.00","0.0","2"
"*06ccf*","Ausar Thompson","DET","F,Flx","297","BabyOil","Reserve","IND Thu 7:00PM","574","31.89","80%","-1.3%","3.1","0.4","0.8","7.6","1.3","4.6","1.8","1.6","0.3","1.4","0.00","0.00","0.0","1"
"*051oh*","Zion Williamson","NO","F,C,Flx","303","BabyOil","Inj Res","","552","61.33","99%","0%","8.6","0.2","3.2","21.7","2.9","7.6","5.3","1.3","1.0","3.6","0.11","0.00","0.0","3"
"*05qu9*","Immanuel Quickley","TOR","G,Flx","331","J&J","Reserve","","401","44.56","97%","-0.4%","8.8","2.2","0.2","16.2","0.1","2.2","6.1","0.7","0.1","1.8","0.00","0.00","0.0","2"
"*027oz*","Kawhi Leonard","LAC","G,F,Flx","421","ROMO","Active","@POR Thu 10:00PM","119","29.75","95%","-0.2%","6.0","1.3","0.5","12.3","0.8","3.0","1.0","1.3","0.0","1.0","0.00","0.00","0.0","0"
