ID,Player,Team,Position,RkOv,Status,FPts,FP/G
*06mju*,Alex Sarr,WAS,"F,C,Flx",15,BALL,664,66.4
*06mkg*,Kyshawn George,WAS,"G,F,Flx",60,9/11ST,507,56.33
*031lx*,CJ McCollum,WAS,"G,Flx",116,9/11ST,379,37.9
*06v58*,Tre Johnson,WAS,"G,Flx",163,PartyMar,306,30.6
*049ki*,Marvin Bagley,WAS,"F,C,Flx",189,FA,281,28.1
*06mk6*,Carlton Carrington,WAS,"G,Flx",192,FA,272,27.2
*05uip*,Corey Kispert,WAS,"F,Flx",198,FA,256,25.6
*02ng3*,Khris Middleton,WAS,"F,Flx",217,FA,231,33
*06ca7*,Cam Whitmore,WAS,"F,Flx",240,FA,190,19
*06cc1*,Bilal Coulibaly,WAS,"F,Flx",266,420,148,37
*05uud*,Justin Champagnie,WAS,"F,Flx",265,FA,148,16.44
*06v59*,Will Riley,WAS,"F,Flx",323,FA,73,9.12
*06ccu*,Tristan Vukcevic,WAS,"C,Flx",335,FA,64,8
*0621j*,Malaki Branham,WAS,"G,Flx",353,FA,50,16.67
*06v89*,Jamir Watkins,WAS,"G,Flx",399,FA,25,8.33
*05qv9*,Anthony Gill,WAS,"F,Flx",401,FA,24,4.8
*06mkf*,AJ Johnson,WAS,"G,Flx",413,FA,17,2.43
*04qsl*,Issuf Sanon,WAS,"G,Flx",1449,FA,0,0
*05ujm*,Sharife Cooper,WAS,"G,Flx",1702,FA,-2,-1
*04azw*,Lauri Markkanen,UTA,"F,Flx",24,TRUMP,606,67.33
*06cby*,Keyonte George,UTA,"G,Flx",35,UBER,549,61
*0621l*,Walker Kessler,UTA,"C,Flx",122,FA,364,72.8
*03e6n*,Jusuf Nurkic,UTA,"C,Flx",127,GOD,357,39.67
*04qsn*,Svi Mykhailiuk,UTA,"F,Flx",187,FA,282,31.33
*06mle*,Kyle Filipowski,UTA,"F,C,Flx",203,Penta,248,27.56
*06v56*,Walter Clayton,UTA,"G,Flx",214,FA,233,25.89
*06cc0*,Taylor Hendricks,UTA,"F,Flx",252,FA,170,18.89
*06v57*,Ace Bailey,UTA,"G,F,Flx",258,FA,154,17.11
*06cbz*,Brice Sensabaugh,UTA,"F,Flx",262,FA,150,18.75
*005kd*,Kevin Love,UTA,"F,Flx",326,FA,72,18
*03aq3*,Kyle Anderson,UTA,"F,Flx",331,FA,66,22
*06qdz*,Elijah Harkless,UTA,"G,Flx",347,FA,54,10.8
*06mk2*,Cody Williams,UTA,"G,Flx",357,FA,46,9.2
*06mkl*,Isaiah Collier,UTA,"G,Flx",417,FA,15,15
*042o9*,Georges Niang,UTA,"F,Flx",1287,FA,0,0
*06cef*,Oscar Tshiebwe,UTA,"C,Flx",1582,FA,0,0
*06v8j*,John Tonje,UTA,"G,Flx",1570,FA,0,0
*03kuc*,Jerrelle Benimon,UTA,"F,Flx",541,FA,0,0
*04lci*,Erik McCree,UTA,"F,Flx",1192,FA,0,0
*031mw*,Erick Green,UTA,"G,Flx",895,FA,0,0
*05uie*,Scottie Barnes,TOR,"F,Flx",8,UBER,734,73.4
*051oj*,RJ Barrett,TOR,"G,F,Flx",27,9/11ST,594,59.4
*042n1*,Brandon Ingram,TOR,"F,Flx",31,420,572,57.2
*05qu9*,Immanuel Quickley,TOR,"G,Flx",45,Bomb,534,53.4
*05ujs*,Sandro Mamukelashvili,TOR,"F,C,Flx",152,FA,322,32.2
*06mlr*,Jamal Shead,TOR,"G,Flx",154,FA,318,31.8
*06v5a*,Collin Murray-Boyles,TOR,"F,Flx",202,FA,250,31.25
*06cc2*,Gradey Dick,TOR,"G,F,Flx",231,FA,200,20
*042n6*,Jakob Poeltl,TOR,"C,Flx",232,TRUMP,197,32.83
*06q2e*,Jamison Battle,TOR,"F,Flx",279,FA,120,15
*0621d*,Ochai Agbaji,TOR,"G,F,Flx",296,FA,102,11.33
*06mkb*,JaKobe Walter,TOR,"G,Flx",333,FA,65,9.29
*06mld*,Jonathan Mogbo,TOR,"F,C,Flx",351,FA,51,8.5
*06v85*,Alijah Martin,TOR,"G,Flx",1164,FA,0,0
*06vy2*,Chucky Hepburn,TOR,"G,Flx",943,FA,0,0
*05uwa*,A.J. Lawson,TOR,"G,Flx",1106,FA,0,0
*01ng2*,Garrett Temple,TOR,"G,Flx",1541,FA,0,0
*005kc*,Russell Westbrook,SAC,"G,Flx",33,9/11FT,562,62.44
*01eon*,DeMar DeRozan,SAC,"F,Flx",84,GWBush,450,50
*03ams*,Zach LaVine,SAC,"G,F,Flx",86,420,444,55.5
*031m4*,Dennis Schroder,SAC,"G,Flx",89,Bomb,442,49.11
*042n7*,Domantas Sabonis,SAC,"C,Flx",103,Bomb,411,68.5
*049kc*,Malik Monk,SAC,"G,Flx",144,420,333,47.57
*0623m*,Keon Ellis,SAC,"G,Flx",211,FA,235,26.11
*04xdu*,Drew Eubanks,SAC,"C,Flx",237,FA,194,21.56
*06v5w*,Nique Clifford,SAC,"G,Flx",286,FA,117,23.4
*06v88*,Maxime Raynaud,SAC,"F,C,Flx",330,FA,67,16.75
*06mk5*,Devin Carter,SAC,"G,Flx",355,FA,46,7.67
*06y2o*,Dylan Cardwell,SAC,"C,Flx",378,FA,33,11
*05qtm*,Precious Achiuwa,SAC,"F,C,Flx",388,FA,30,15
*03acy*,Dario Saric,SAC,"C,Flx",409,FA,20,6.67
*06213*,Keegan Murray,SAC,"F,Flx",1275,9/11FT,0,0
*03avi*,Doug McDermott,SAC,"F,Flx",1197,FA,0,0
*064q6*,Daeqwon Plowden,SAC,"G,Flx",1374,FA,0,0
*06mp0*,Isaiah Stevens,SAC,"G,Flx",1513,FA,0,0
*03iy1*,Sim Bhullar,SAC,"C,Flx",552,FA,0,0
*04z79*,Cody Demps,SAC,"G,Flx",751,FA,0,0
*06cch*,Victor Wembanyama,SA,"C,Flx",5,9/11FT,791,87.89
*06mjw*,Stephon Castle,SA,"G,Flx",28,BALL,581,64.56
*05qtr*,Devin Vassell,SA,"G,F,Flx",115,9/11FT,382,42.44
*02nf7*,Harrison Barnes,SA,"F,Flx",117,W <small>(Sun)</small>,378,42
*051p9*,Keldon Johnson,SA,"G,F,Flx",118,9/11FT,377,41.89
*062dn*,Julian Champagnie,SA,"F,Flx",120,FA,369,41
*06v5y*,Dylan Harper,SA,"G,Flx",209,HAIRY,240,40
*04xhz*,Jordan McLaughlin,SA,"G,Flx",277,FA,126,15.75
*04jwb*,Luke Kornet,SA,"C,Flx",308,FA,91,45.5
*06218*,Jeremy Sochan,SA,"F,C,Flx",311,FA,88,29.33
*049kb*,DeAaron Fox,SA,"G,Flx",338,Penta,62,62
*05yoh*,Lindy Waters,SA,"G,Flx",360,FA,44,14.67
*06v5x*,Carter Bryant,SA,"F,Flx",370,FA,36,6
*027oq*,Bismack Biyombo,SA,"C,Flx",375,FA,34,6.8
*031m0*,Kelly Olynyk,SA,"C,Flx",383,FA,32,16
*06mog*,Riley Minix,SA,"F,Flx",387,FA,31,10.33
*06mor*,David Jones,SA,"F,Flx",390,FA,30,10
*06mlu*,Harrison Ingram,SA,"F,Flx",408,FA,20,6.67
*03r7k*,Nikola Milutinov,SA,"C,Flx",1232,FA,0,0
*05qtj*,Deni Avdija,POR,"G,F,Flx",19,GOD,630,70
*01eo9*,Jrue Holiday,POR,"G,Flx",20,9/11ST,622,69.11
*03aq2*,Jerami Grant,POR,"F,Flx",64,HAIRY,490,54.44
*06mjz*,Donovan Clingan,POR,"C,Flx",83,GOD,450,50
*06cd4*,Toumani Camara,POR,"F,Flx",110,BALL,393,43.67
*06216*,Shaedon Sharpe,POR,"G,F,Flx",119,TRUMP,371,41.22
*06ca5*,Kris Murray,POR,"F,Flx",246,FA,179,22.38
*0621o*,Blake Wesley,POR,"G,Flx",251,FA,171,28.5
*051p0*,Matisse Thybulle,POR,"G,F,Flx",289,FA,113,28.25
*06gix*,Duop Reath,POR,"C,Flx",304,FA,97,16.17
*04qs4*,Robert Williams,POR,"C,Flx",324,FA,73,18.25
*06cel*,Sidy Cissoko,POR,"F,Flx",361,FA,43,10.75
*06vy3*,Caleb Love,POR,"G,Flx",369,FA,37,12.33
*06cd2*,Rayan Rupert,POR,"G,Flx",377,FA,34,8.5
*06v5e*,Yang Hansen,POR,"C,Flx",414,FA,16,3.2
*06cdn*,Scoot Henderson,POR,"G,Flx",938,9/11ST,0,0
*02nf6*,Damian Lillard,POR,"G,Flx",1125,FA,0,0
*06fzs*,Javonte Cooke,POR,"G,Flx",693,FA,0,0
*03nwm*,Devin Booker,PHO,"G,F,Flx",6,HAIRY,751,75.1
*04jwd*,Royce ONeale,PHO,"F,Flx",39,TRUMP,541,54.1
*04qry*,Grayson Allen,PHO,"G,Flx",41,Bomb,536,53.6
*0621e*,Mark Williams,PHO,"C,Flx",65,BALL,488,54.22
*0623e*,Collin Gillespie,PHO,"G,Flx",66,GWBush,484,48.4
*06mkk*,Ryan Dunn,PHO,"F,Flx",99,ASS,416,41.6
*04ex8*,Dillon Brooks,PHO,"G,F,Flx",228,UBER,206,51.5
*05qtd*,Nick Richards,PHO,"C,Flx",259,FA,154,15.4
*06mlm*,Oso Ighodaro,PHO,"F,C,Flx",268,FA,140,14
*05ux3*,Jordan Goodwin,PHO,"G,Flx",274,FA,129,18.43
*05uic*,Jalen Green,PHO,"G,Flx",314,TRUMP,84,42
*04k0q*,Nigel Hayes-Davis,PHO,"F,Flx",322,FA,76,8.44
*05ujg*,Isaiah Livers,PHO,"F,Flx",356,FA,46,9.2
*06v5f*,Khaman Maluach,PHO,"C,Flx",392,FA,29,5.8
*06v72*,Rasheer Fleming,PHO,"F,Flx",400,FA,24,4.8
*06v87*,Koby Brea,PHO,"G,Flx",432,FA,9,9
*06y4e*,CJ Huntley,PHO,"F,Flx",985,FA,0,0
*05qsq*,Tyrese Maxey,PHI,"G,Flx",4,420,857,95.22
*03nwk*,Kelly Oubre Jr.,PHI,"F,Flx",51,9/11FT,519,57.67
*06v5k*,VJ Edgecombe,PHI,"G,Flx",57,HAIRY,512,56.89
*05uiz*,Quentin Grimes,PHI,"G,F,Flx",68,GN,477,53
*03al2*,Joel Embiid,PHI,"C,Flx",145,ASS,332,55.33
*02nf9*,Andre Drummond,PHI,"C,Flx",182,FA,285,35.62
*05uuv*,Trendon Watford,PHI,"G,F,Flx",184,BALL,285,47.5
*06mln*,Adem Bona,PHI,"C,Flx",261,FA,153,17
*0622k*,Jabari Walker,PHI,"F,C,Flx",293,FA,106,11.78
*06mmc*,Justin Edwards,PHI,"G,F,Flx",303,FA,98,12.25
*0626t*,Dominick Barlow,PHI,"F,Flx",336,FA,62,31
*005kf*,Eric Gordon,PHI,"G,F,Flx",402,FA,24,12
*0015b*,Kyle Lowry,PHI,"G,Flx",411,FA,18,18
*06v81*,Johni Broome,PHI,"F,C,Flx",428,FA,11,5.5
*06vxs*,Hunter Sallis,PHI,"G,Flx",443,FA,5,1.67
*01uyj*,Paul George,PHI,"F,Flx",871,Penta,0,0
*06mk8*,Jared McCain,PHI,"G,Flx",1185,GN,0,0
*06210*,Paolo Banchero,ORL,"F,Flx",26,PRO,599,66.56
*05uii*,Franz Wagner,ORL,"F,Flx",43,BALL,535,59.44
*04qrl*,Wendell Carter,ORL,"C,Flx",96,ASS,426,47.33
*05qt3*,Desmond Bane,ORL,"G,F,Flx",138,UBER,340,37.78
*06cc5*,Anthony Black,ORL,"G,Flx",140,GWBush,338,37.56
*05uif*,Jalen Suggs,ORL,"G,Flx",149,420,325,46.43
*06mka*,Tristan da Silva,ORL,"F,Flx",151,FA,323,35.89
*051oy*,Goga Bitadze,ORL,"C,Flx",181,FA,288,32
*03ad0*,Tyus Jones,ORL,"G,Flx",310,FA,90,10
*04ewb*,Jonathan Isaac,ORL,"F,Flx",315,FA,82,10.25
*06v7y*,Noah Penda,ORL,"F,Flx",318,FA,79,15.8
*06cc6*,Jett Howard,ORL,"F,Flx",391,FA,29,4.83
*06v5j*,Jase Richardson,ORL,"G,Flx",435,FA,8,1.33
*04qs2*,Moritz Wagner,ORL,"C,Flx",1603,FA,0,0
*0622z*,Orlando Robinson,ORL,"C,Flx",1433,FA,0,0
*06cp2*,Colin Castleton,ORL,"C,Flx",655,FA,0,0
*0661b*,Jamal Cain,ORL,"F,Flx",639,FA,0,0
*04qsk*,Justin Jackson,ORL,"F,Flx",998,FA,0,0
*04qro*,Shai Gilgeous-Alexander,OKC,"G,Flx",3,L Bozo,864,86.4
*04ex6*,Isaiah Hartenstein,OKC,"C,Flx",14,L Bozo,667,66.7
*06mlk*,Ajay Mitchell,OKC,"G,F,Flx",54,ASS,515,51.5
*06cac*,Cason Wallace,OKC,"G,F,Flx",90,ASS,439,48.78
*06211*,Chet Holmgren,OKC,"F,C,Flx",112,L Bozo,389,64.83
*05ujt*,Aaron Wiggins,OKC,"G,F,Flx",114,FA,387,43
*0621x*,Jaylin Williams,OKC,"F,C,Flx",176,FA,293,29.3
*05qsp*,Isaiah Joe,OKC,"G,Flx",216,FA,232,46.4
*0496e*,Alex Caruso,OKC,"G,F,Flx",235,PRO,194,32.33
*0527l*,Luguentz Dort,OKC,"G,F,Flx",236,FA,194,27.71
*0621a*,Ousmane Dieng,OKC,"F,C,Flx",337,FA,62,8.86
*06mmi*,Branden Carlson,OKC,"C,Flx",349,FA,53,7.57
*06v8a*,Brooks Barnhizer,OKC,"G,Flx",365,FA,39,4.88
*0723f*,Chris Youngblood,OKC,"G,Flx",373,FA,35,3.89
*0621b*,Jalen Williams,OKC,"G,F,Flx",1654,9/11ST,0,0
*06mk4*,Nikola Topic,OKC,"G,Flx",1573,FA,0,0
*06v5i*,Thomas Sorber,OKC,"F,C,Flx",1501,FA,0,0
*04t8w*,Kenrich Williams,OKC,"F,Flx",1658,FA,0,0
*03kub*,Richard Solomon,OKC,"F,Flx",1500,FA,0,0
*03ad3*,Karl-Anthony Towns,NY,"F,C,Flx",30,Penta,573,71.62
*04qsa*,Jalen Brunson,NY,"G,Flx",34,GN,557,69.62
*04qrn*,Mikal Bridges,NY,"G,F,Flx",46,9/11FT,532,66.5
*04ewn*,OG Anunoby,NY,"F,Flx",48,Penta,524,65.5
*04ewu*,Josh Hart,NY,"G,F,Flx",193,9/11ST,268,38.29
*05uja*,Miles McBride,NY,"G,Flx",219,FA,227,37.83
*04qs3*,Landry Shamet,NY,"G,Flx",255,FA,163,20.38
*03byk*,Jordan Clarkson,NY,"G,F,Flx",257,FA,158,19.75
*04qsd*,Mitchell Robinson,NY,"C,Flx",285,FA,118,39.33
*03xmt*,Guerschon Yabusele,NY,"F,C,Flx",329,FA,68,9.71
*06mm4*,Ariel Hukporti,NY,"C,Flx",339,FA,62,12.4
*06mlg*,Tyler Kolek,NY,"G,Flx",342,FA,59,7.38
*06mkh*,Pacome Dadiet,NY,"G,Flx",436,FA,7,2.33
*06him*,Trey Jemison,NY,"C,Flx",441,FA,5,5
*06v8h*,Mohamed Diawara,NY,"F,Flx",445,FA,3,0.75
*06mm2*,Kevin McCullar,NY,"F,Flx",1193,FA,0,0
*06hfc*,Tosan Evbuomwan,NY,"F,Flx",812,FA,0,0
*04exg*,Kadeem Allen,NY,"G,Flx",469,FA,0,0
*04exl*,Ognen Jaramaz,NY,"G,Flx",1007,FA,0,0
*05uir*,Trey Murphy,NO,"G,F,Flx",38,GOD,541,60.11
*05uj9*,Herbert Jones,NO,"F,Flx",134,HAIRY,346,38.44
*06v5g*,Jeremiah Fears,NO,"G,Flx",146,W <small>(Mon)</small>,331,36.78
*051oh*,Zion Williamson,NO,"F,Flx",155,Bomb,316,63.2
*05qt0*,Saddiq Bey,NO,"F,Flx",166,FA,304,33.78
*06v5h*,Derik Queen,NO,"C,Flx",170,L Bozo,298,33.11
*051p8*,Jordan Poole,NO,"G,Flx",199,PartyMar,256,36.57
*05uul*,Jose Alvarado,NO,"G,Flx",207,FA,242,30.25
*06mkd*,Yves Missi,NO,"F,C,Flx",248,FA,175,35
*0622f*,Karlo Matkovic,NO,"F,C,Flx",316,FA,82,11.71
*03ad7*,Kevon Looney,NO,"C,Flx",319,FA,77,19.25
*06ca9*,Jordan Hawkins,NO,"G,Flx",325,FA,72,9
*06v86*,Micah Peavy,NO,"G,F,Flx",366,FA,39,7.8
*005l3*,DeAndre Jordan,NO,"C,Flx",368,FA,37,18.5
*06223*,Bryce McGowens,NO,"G,Flx",422,FA,13,4.33
*06vxw*,Hunter Dickinson,NO,"C,Flx",446,FA,2,2
*042nq*,Dejounte Murray,NO,"G,Flx",1274,Bomb,0,0
*06mp4*,Trey Alexander,NO,"G,Flx",465,FA,0,0
*038xh*,Larry Drew II,NO,"G,Flx",774,FA,0,0
*03ulp*,Bryce Dejean-Jones,NO,"G,Flx",746,FA,0,0
*03ajv*,Julius Randle,MIN,"F,Flx",9,PRO,727,80.78
*05qu0*,Jaden McDaniels,MIN,"F,Flx",67,PRO,482,53.56
*04qru*,Donte DiVincenzo,MIN,"G,Flx",75,PRO,465,51.67
*02xg9*,Rudy Gobert,MIN,"C,Flx",91,HAIRY,434,48.22
*0527h*,Naz Reid,MIN,"F,C,Flx",137,PartyMar,342,38
*05qug*,Anthony Edwards,MIN,"G,F,Flx",159,GN,309,61.8
*0015e*,Mike Conley,MIN,"G,Flx",186,FA,282,31.33
*06cd9*,Jaylen Clark,MIN,"G,F,Flx",263,FA,149,21.29
*05uj0*,Bones Hyland,MIN,"G,Flx",264,FA,149,16.56
*06mk0*,Robert Dillingham,MIN,"G,Flx",294,FA,105,15
*06mkj*,Terrence Shannon,MIN,"G,F,Flx",301,FA,99,14.14
*06v5m*,Joan Beringer,MIN,"F,C,Flx",374,FA,34,5.67
*06cei*,Leonard Miller,MIN,"F,Flx",386,FA,31,6.2
*03kqi*,Joe Ingles,MIN,"F,Flx",429,FA,11,2.75
*0623d*,Johnny Juzang,MIN,"G,F,Flx",442,FA,5,1.25
*06v8b*,Rocco Zikarsky,MIN,"C,Flx",1696,FA,0,0
*06mlw*,Enrique Freeman,MIN,"F,Flx",850,FA,0,0
*031m2*,Giannis Antetokounmpo,MIL,"F,C,Flx",2,HAIRY,870,108.75
*06227*,Ryan Rollins,MIL,"G,Flx",40,ASS,539,59.89
*03ad2*,Myles Turner,MIL,"C,Flx",82,PRO,451,50.11
*06234*,AJ Green,MIL,"G,Flx",153,FA,318,35.33
*05qtl*,Cole Anthony,MIL,"G,Flx",168,ASS,301,37.62
*04qse*,Gary Trent,MIL,"G,F,Flx",171,L Bozo,298,33.11
*04ewr*,Kyle Kuzma,MIL,"F,Flx",191,FA,279,34.88
*03nwn*,Bobby Portis,MIL,"F,C,Flx",224,FA,219,24.33
*042n8*,Taurean Prince,MIL,"G,F,Flx",247,FA,176,22
*059g0*,Amir Coffey,MIL,"G,F,Flx",327,FA,69,7.67
*051pa*,Kevin Porter,MIL,"G,Flx",376,Bomb,34,34
*05ujw*,Jericho Sims,MIL,"C,Flx",407,FA,21,3.5
*06cdd*,Andre Jackson,MIL,"G,Flx",410,FA,19,6.33
*03apx*,Gary Harris,MIL,"G,Flx",412,FA,17,5.67
*06vxt*,Mark Sears,MIL,"G,Flx",431,FA,10,5
*06gno*,Pete Nance,MIL,"F,Flx",1280,FA,0,0
*0728q*,Alex Antetokounmpo,MIL,"F,Flx",479,FA,0,0
*031mk*,Isaiah Canaan,MIL,"G,Flx",642,FA,0,0
*03e7e*,Thanasis Antetokounmpo,MIL,"F,Flx",1701,FA,-2,-2
*06cbx*,Jaime Jaquez,MIA,"G,F,Flx",32,420,572,57.2
*02ym0*,Andrew Wiggins,MIA,"G,F,Flx",50,Penta,524,52.4
*05uij*,Davion Mitchell,MIA,"G,Flx",63,Bomb,493,49.3
*04ewf*,Bam Adebayo,MIA,"F,C,Flx",73,GN,472,59
*06mk7*,Kelel Ware,MIA,"F,C,Flx",95,9/11FT,429,42.9
*03r7z*,Norman Powell,MIA,"G,F,Flx",102,PartyMar,413,59
*0621q*,Nikola Jovic,MIA,"F,Flx",126,FA,357,35.7
*05wqo*,Dru Smith,MIA,"G,Flx",135,FA,346,34.6
*062pk*,Simone Fontecchio,MIA,"F,Flx",143,UBER,333,33.3
*06mlq*,Pelle Larsson,MIA,"G,F,Flx",156,FA,314,31.4
*06mm8*,Keshad Johnson,MIA,"F,Flx",406,FA,21,7
*06z61*,Myron Gardner,MIA,"F,Flx",418,FA,14,14
*06ps5*,Jahmir Young,MIA,"G,Flx",440,FA,6,3
*051ot*,Tyler Herro,MIA,"G,Flx",947,420,0,0
*06v55*,Kasparas Jakucionis,MIA,"G,Flx",1001,FA,0,0
*03nwl*,Terry Rozier,MIA,"G,Flx",1438,FA,0,0
*06vxy*,Vladislav Goldin,MIA,"C,Flx",880,FA,0,0
*04is9*,Charles Cooke,MIA,"G,Flx",692,FA,0,0
*06v5v*,Cedric Coward,MEM,"G,F,Flx",44,Bomb,534,53.4
*04qrj*,Jaren Jackson,MEM,"F,C,Flx",70,GOD,475,47.5
*051oi*,Ja Morant,MEM,"G,Flx",74,420,472,52.44
*05uj4*,Santi Aldama,MEM,"F,C,Flx",100,L Bozo,415,41.5
*05uuq*,Jock Landale,MEM,"C,Flx",104,UBER,404,40.4
*06mlz*,Cam Spencer,MEM,"G,Flx",132,FA,349,34.9
*031lv*,Kentavious Caldwell-Pope,MEM,"G,F,Flx",169,FA,298,29.8
*06mll*,Jaylen Wells,MEM,"G,F,Flx",212,FA,235,23.5
*05293*,John Konchar,MEM,"G,Flx",253,FA,169,21.12
*0622a*,Vince Williams,MEM,"G,Flx",271,FA,133,26.6
*06v8e*,Javon Small,MEM,"G,Flx",283,FA,119,14.88
*06cc9*,Olivier-Maxence Prosper,MEM,"F,Flx",317,FA,82,11.71
*05ujr*,Charles Bassey,MEM,"C,Flx",348,FA,53,26.5
*06mm5*,PJ Hall,MEM,"C,Flx",362,FA,40,8
*06cdh*,GG Jackson,MEM,"F,Flx",419,FA,14,3.5
*06mk1*,Zach Edey,MEM,"C,Flx",788,HAIRY,0,0
*051p4*,Ty Jerome,MEM,"G,F,Flx",1017,FA,0,0
*0623a*,Scotty Pippen,MEM,"G,Flx",1373,FA,0,0
*051p1*,Brandon Clarke,MEM,"F,Flx",674,FA,0,0
*04kj6*,Luka Doncic,LAL,"G,Flx",13,ASS,695,115.83
*05uus*,Austin Reaves,LAL,"G,F,Flx",16,GOD,653,93.29
*0621i*,Jake LaRavia,LAL,"F,Flx",72,GWBush,473,47.3
*049kd*,Deandre Ayton,LAL,"C,Flx",77,TRUMP,462,51.33
*051op*,Rui Hachimura,LAL,"F,Flx",101,PartyMar,413,41.3
*04qsi*,Jarred Vanderbilt,LAL,"F,Flx",150,FA,323,32.3
*03al1*,Marcus Smart,LAL,"G,Flx",195,9/11FT,260,32.5
*051oo*,Jaxson Hayes,LAL,"C,Flx",241,FA,188,26.86
*06mk9*,Dalton Knecht,LAL,"G,F,Flx",254,FA,168,18.67
*06mm1*,Bronny James,LAL,"G,Flx",297,FA,102,14.57
*06ccb*,Nick Smith,LAL,"G,Flx",298,FA,102,20.4
*05g3q*,Gabe Vincent,LAL,"G,Flx",354,FA,50,16.67
*04jw4*,Maxi Kleber,LAL,"F,Flx",421,FA,14,14
*06z4q*,Chris Manon,LAL,"G,Flx",438,FA,6,3
*0621w*,Christian Koloko,LAL,"C,Flx",447,FA,2,1
*0011e*,LeBron James,LAL,"F,Flx",1004,420,0,0
*06v82*,Adou Thiero,LAL,"F,Flx",1548,FA,0,0
*02wcx*,Scott Machado,LAL,"G,Flx",1142,FA,0,0
*01eo6*,James Harden,LAC,"G,Flx",25,ASS,603,75.38
*042nt*,Ivica Zubac,LAC,"C,Flx",52,TRUMP,519,57.67
*027oz*,Kawhi Leonard,LAC,"F,Flx",79,Penta,453,75.5
*04ewk*,John Collins,LAC,"F,Flx",131,L Bozo,350,38.89
*048zt*,Derrick Jones,LAC,"F,Flx",161,FA,308,34.22
*042n2*,Kris Dunn,LAC,"G,Flx",177,FA,290,32.22
*005ki*,Brook Lopez,LAC,"C,Flx",238,FA,193,21.44
*0017e*,Chris Paul,LAC,"G,Flx",249,FA,173,21.62
*005l0*,Nicolas Batum,LAC,"F,Flx",260,FA,153,17
*06mls*,Cam Christie,LAC,"G,Flx",287,FA,115,19.17
*02nf3*,Bradley Beal,LAC,"G,Flx",300,FA,99,16.5
*03e6u*,Bogdan Bogdanovic,LAC,"G,F,Flx",307,FA,91,22.75
*06v5b*,Yanic Konan Niederhauser,LAC,"F,C,Flx",346,FA,56,11.2
*06ca2*,Kobe Brown,LAC,"F,Flx",367,FA,37,7.4
*06v8g*,Kobe Sanders,LAC,"G,Flx",423,FA,13,6.5
*06ccw*,Jordan Miller,LAC,"F,Flx",1227,FA,0,0
*07240*,Jahmyl Telfort,LAC,"F,Flx",1540,FA,0,0
*042nz*,David Michineau,LAC,"G,Flx",1217,FA,0,0
*042nm*,Pascal Siakam,IND,"F,Flx",23,BALL,607,67.44
*05qt4*,Aaron Nesmith,IND,"F,Flx",125,PartyMar,361,40.11
*06cab*,Jarace Walker,IND,"F,Flx",142,9/11ST,337,37.44
*05uiw*,Isaiah Jackson,IND,"C,Flx",197,420,256,28.44
*06caa*,Ben Sheppard,IND,"G,Flx",208,FA,242,26.89
*064tp*,Quenton Jackson,IND,"G,Flx",229,UBER,204,40.8
*05uup*,Jay Huff,IND,"C,Flx",234,FA,195,21.67
*04ews*,Tony Bradley,IND,"C,Flx",242,FA,186,20.67
*06pw1*,RayJ Dennis,IND,"G,Flx",256,FA,159,19.88
*06215*,Bennedict Mathurin,IND,"G,F,Flx",267,L Bozo,148,74
*05qsx*,Obi Toppin,IND,"F,C,Flx",288,9/11FT,115,38.33
*05uj6*,Jeremiah Robinson-Earl,IND,"F,C,Flx",312,FA,87,21.75
*06vxp*,Taelon Peter,IND,"G,Flx",352,FA,51,8.5
*0621u*,Andrew Nembhard,IND,"G,Flx",358,PRO,44,22
*06mlh*,Johnny Furphy,IND,"G,F,Flx",372,FA,35,11.67
*051pg*,Cody Martin,IND,"G,F,Flx",398,FA,26,13
*04exe*,Monte Morris,IND,"G,Flx",437,FA,7,7
*03wr4*,T.J. McConnell,IND,"G,Flx",1189,PartyMar,0,0
*05qtv*,Tyrese Haliburton,IND,"G,Flx",905,FA,0,0
*06v84*,Kam Jones,IND,"G,Flx",1046,FA,0,0
*04ylf*,Stephan Hicks,IND,"G,Flx",951,FA,0,0
*05uiq*,Alperen Sengun,HOU,"F,C,Flx",17,PRO,650,81.25
*001aw*,Kevin Durant,HOU,"G,F,Flx",80,UBER,452,56.5
*06ca8*,Amen Thompson,HOU,"G,F,Flx",85,GOD,446,55.75
*0621g*,Tari Eason,HOU,"F,Flx",129,PartyMar,355,44.38
*06212*,Jabari Smith,HOU,"F,C,Flx",157,GN,313,44.71
*031lz*,Steven Adams,HOU,"C,Flx",162,420,307,43.86
*06mjv*,Reed Sheppard,HOU,"G,Flx",165,FA,305,38.12
*04qrx*,Josh Okogie,HOU,"G,F,Flx",180,FA,289,36.12
*03e6s*,Clint Capela,HOU,"C,Flx",239,FA,192,24
*04qs0*,Aaron Holiday,HOU,"G,Flx",371,FA,36,9
*001ax*,Jeff Green,HOU,"F,Flx",382,FA,32,10.67
*0622g*,JD Davison,HOU,"G,Flx",389,FA,30,10
*05qve*,JaeSean Tate,HOU,"F,Flx",426,FA,12,2.4
*04848*,Fred VanVleet,HOU,"G,Flx",1595,FA,0,0
*043ib*,Dorian Finney-Smith,HOU,"F,Flx",828,FA,0,0
*06mmg*,Isaiah Crawford,HOU,"F,Flx",709,FA,0,0
*05qzd*,Kevon Harris,HOU,"G,Flx",929,FA,0,0
*02nfi*,Terrence Jones,HOU,"F,Flx",1050,FA,0,0
*01enh*,Stephen Curry,GS,"G,Flx",29,GWBush,573,71.62
*027pe*,Jimmy Butler,GS,"F,Flx",47,GWBush,526,58.44
*05uih*,Jonathan Kuminga,GS,"F,C,Flx",69,BALL,477,47.7
*06cc7*,Brandin Podziemski,GS,"G,F,Flx",93,Penta,433,43.3
*02nfz*,Draymond Green,GS,"F,C,Flx",97,GWBush,426,47.33
*05uio*,Moses Moody,GS,"G,F,Flx",164,L Bozo,306,38.25
*06v8p*,Will Richard,GS,"G,Flx",190,FA,281,35.12
*06mly*,Quinten Post,GS,"F,C,Flx",201,FA,252,25.2
*042n3*,Buddy Hield,GS,"G,F,Flx",226,FA,217,21.7
*06ccv*,Trayce Jackson-Davis,GS,"C,Flx",280,FA,120,20
*000zv*,Al Horford,GS,"F,C,Flx",282,FA,119,19.83
*043cj*,Gary Payton II,GS,"G,Flx",291,FA,106,11.78
*0633h*,Pat Spencer,GS,"G,Flx",302,FA,99,16.5
*0622i*,Gui Santos,GS,"F,Flx",334,FA,64,7.11
*04qsm*,DeAnthony Melton,GS,"G,Flx",1214,FA,0,0
*06v8i*,Alex Toohey,GS,"F,Flx",1571,FA,0,0
*06mo8*,Jackson Rowe,GS,"F,Flx",1437,FA,0,0
*03xmu*,Dragan Bender,GS,"F,C,Flx",540,FA,0,0
*05uib*,Cade Cunningham,DET,"G,Flx",12,BALL,695,77.22
*0621c*,Jalen Duren,DET,"C,Flx",22,Penta,609,67.67
*06ccf*,Ausar Thompson,DET,"F,Flx",78,GOD,455,50.56
*05qub*,Isaiah Stewart,DET,"C,Flx",111,PartyMar,392,43.56
*06mjx*,Ron Holland,DET,"F,Flx",148,FA,328,36.44
*04s00*,Duncan Robinson,DET,"G,F,Flx",174,FA,294,32.67
*027p4*,Tobias Harris,DET,"F,Flx",210,TRUMP,239,39.83
*0558v*,Javonte Green,DET,"G,F,Flx",233,FA,196,21.78
*05qst*,Paul Reed,DET,"C,Flx",272,FA,132,18.86
*042nf*,Caris LeVert,DET,"G,F,Flx",284,FA,118,19.67
*06mmf*,Daniss Jenkins,DET,"G,Flx",332,FA,65,13
*06pwq*,Tolu Smith,DET,"F,Flx",384,FA,32,32
*06mlj*,Bobi Klintman,DET,"F,Flx",385,FA,31,15.5
*06v83*,Chaz Lanier,DET,"G,Flx",394,FA,28,4.67
*06cdj*,Colby Jones,DET,"G,Flx",420,FA,14,14
*06mmh*,Isaac Jones,DET,"F,Flx",425,FA,12,4
*06214*,Jaden Ivey,DET,"G,Flx",992,GN,0,0
*06ccg*,Marcus Sasser,DET,"G,Flx",1451,FA,0,0
*04xie*,Keenan Evans,DET,"G,Flx",810,FA,0,0
*03e75*,Nikola Jokic,DEN,"C,Flx",1,PartyMar,1081,120.11
*042n4*,Jamal Murray,DEN,"G,Flx",36,L Bozo,543,67.88
*03al0*,Aaron Gordon,DEN,"F,Flx",92,9/11FT,434,54.25
*0621k*,Christian Braun,DEN,"G,F,Flx",133,PRO,348,38.67
*0621t*,Peyton Watson,DEN,"F,Flx",167,FA,304,33.78
*031mb*,Tim Hardaway,DEN,"G,F,Flx",175,FA,293,32.56
*027oo*,Jonas Valanciunas,DEN,"C,Flx",196,FA,257,28.56
*04qsj*,Bruce Brown,DEN,"G,Flx",215,FA,232,25.78
*051or*,Cameron Johnson,DEN,"F,Flx",227,ASS,216,24
*06ca3*,Julian Strawther,DEN,"G,F,Flx",328,FA,68,11.33
*06ccy*,Jalen Pickett,DEN,"G,Flx",364,FA,40,8
*06nv9*,Spencer Jones,DEN,"F,Flx",363,FA,40,6.67
*05quh*,Zeke Nnaji,DEN,"F,C,Flx",405,FA,22,4.4
*06mke*,DaRon Holmes,DEN,"F,C,Flx",433,FA,9,4.5
*06ccx*,Hunter Tyson,DEN,"F,Flx",434,FA,9,2.25
*06y0j*,Tamar Bates,DEN,"G,Flx",522,FA,0,0
*06yzq*,Curtis Jones,DEN,"G,Flx",1040,FA,0,0
*03r8a*,Nikola Radicevic,DEN,"G,Flx",1403,FA,0,0
*031mr*,Jamaal Franklin,DEN,"G,F,Flx",845,FA,0,0
*051os*,P.J. Washington,DAL,"F,C,Flx",61,Penta,507,50.7
*06v5l*,Cooper Flagg,DAL,"G,F,Flx",87,PRO,443,44.3
*0621y*,Max Christie,DAL,"G,F,Flx",109,FA,394,39.4
*05qzh*,Naji Marshall,DAL,"F,Flx",124,FA,362,36.2
*02nf1*,Anthony Davis,DAL,"F,C,Flx",128,9/11FT,355,71
*03ad4*,DAngelo Russell,DAL,"G,Flx",136,L Bozo,344,34.4
*05y9y*,Brandon Williams,DAL,"G,Flx",225,FA,218,27.25
*027ou*,Klay Thompson,DAL,"G,F,Flx",244,FA,183,20.33
*051pi*,Daniel Gafford,DAL,"C,Flx",245,UBER,182,36.4
*03e79*,Dwight Powell,DAL,"C,Flx",269,FA,134,14.89
*06220*,Jaden Hardy,DAL,"G,Flx",281,FA,119,13.22
*06cc8*,Dereck Lively,DAL,"C,Flx",295,HAIRY,105,35
*07215*,Moussa Cisse,DAL,"C,Flx",309,FA,90,15
*055qo*,Caleb Martin,DAL,"F,Flx",341,FA,60,7.5
*06y3q*,Ryan Nembhard,DAL,"G,Flx",379,FA,33,6.6
*027oj*,Kyrie Irving,DAL,"G,Flx",991,Penta,0,0
*03acx*,Dante Exum,DAL,"G,Flx",813,FA,0,0
*042oa*,Ben Bentil,DAL,"F,Flx",543,FA,0,0
*048tg*,Jameel Warney,DAL,"F,Flx",1614,FA,0,0
*06vxx*,Miles Kelly,DAL,"G,Flx",1703,FA,-2,-2
*04ewe*,Donovan Mitchell,CLE,"G,Flx",7,Penta,738,82
*05uid*,Evan Mobley,CLE,"F,C,Flx",11,GN,709,70.9
*04ewm*,Jarrett Allen,CLE,"C,Flx",81,9/11ST,451,56.38
*06mkc*,Jaylon Tyson,CLE,"G,F,Flx",98,Bomb,425,42.5
*05qtb*,Sam Merrill,CLE,"G,Flx",141,UBER,337,48.14
*051ok*,DeAndre Hunter,CLE,"F,Flx",147,PRO,331,47.29
*06cp4*,Craig Porter,CLE,"G,Flx",200,FA,252,25.2
*049ka*,Lonzo Ball,CLE,"G,Flx",206,FA,244,30.5
*0529c*,Dean Wade,CLE,"F,Flx",213,FA,234,26
*03r7l*,Larry Nance,CLE,"F,C,Flx",250,FA,172,19.11
*06v8f*,Tyrese Proctor,CLE,"G,Flx",275,FA,129,14.33
*051ol*,Darius Garland,CLE,"G,Flx",313,BALL,85,42.5
*04ex5*,Thomas Bryant,CLE,"C,Flx",350,FA,52,8.67
*0622j*,Luke Travers,CLE,"G,Flx",381,FA,33,8.25
*06prl*,NaeQwan Tomlin,CLE,"F,Flx",404,FA,23,11.5
*0558t*,Max Strus,CLE,"G,F,Flx",1522,FA,0,0
*06cde*,Chris Livingston,CLE,"F,Flx",1128,FA,0,0
*04xhr*,J.P. Macura,CLE,"G,Flx",1145,FA,0,0
*05uig*,Josh Giddey,CHI,"G,Flx",10,Bomb,726,80.67
*027p0*,Nikola Vucevic,CHI,"C,Flx",21,9/11ST,618,68.67
*05qtq*,Tre Jones,CHI,"G,Flx",71,GN,473,52.56
*04qrw*,Kevin Huerter,CHI,"G,Flx",106,FA,399,44.33
*06mk3*,Matas Buzelis,CHI,"F,Flx",121,GOD,367,40.78
*05qty*,Jalen Smith,CHI,"C,Flx",158,FA,313,34.78
*05qsl*,Patrick Williams,CHI,"F,Flx",173,FA,295,32.78
*05ujc*,Ayo Dosunmu,CHI,"G,F,Flx",185,FA,283,40.43
*05qsk*,Isaac Okoro,CHI,"G,F,Flx",204,FA,248,27.56
*06cdf*,Julian Phillips,CHI,"F,Flx",359,FA,44,5.5
*0621h*,Dalen Terry,CHI,"G,F,Flx",395,FA,28,5.6
*04qs9*,Jevon Carter,CHI,"G,Flx",444,FA,4,4
*051on*,Coby White,CHI,"G,Flx",1635,TRUMP,0,0
*06v5u*,Noa Essengue,CHI,"F,Flx",806,FA,0,0
*04ewc*,Zach Collins,CHI,"F,C,Flx",682,FA,0,0
*06vyb*,Lachlan Olbrich,CHI,"F,C,Flx",1322,FA,0,0
*06pfe*,Trentyn Flowers,CHI,"F,Flx",833,FA,0,0
*06pu0*,Emanuel Miller,CHI,"F,Flx",1225,FA,0,0
*03ku7*,Jarell Eddie,CHI,"G,Flx",787,FA,0,0
*04qrp*,Miles Bridges,CHA,"F,Flx",42,BALL,536,59.56
*05qto*,LaMelo Ball,CHA,"G,Flx",58,BALL,511,85.17
*06v80*,Ryan Kalkbrenner,CHA,"C,Flx",88,GN,443,49.22
*06v5n*,Kon Knueppel,CHA,"G,F,Flx",94,Bomb,432,48
*06226*,Moussa Diabate,CHA,"C,Flx",113,ASS,388,43.11
*04qrm*,Collin Sexton,CHA,"G,Flx",130,GWBush,355,44.38
*06v7z*,Sion James,CHA,"G,Flx",178,FA,290,32.22
*05uis*,Tre Mann,CHA,"G,Flx",194,FA,265,29.44
*06mjy*,Tidjane Salaun,CHA,"F,Flx",290,FA,110,15.71
*06v5o*,Liam McNeeley,CHA,"F,Flx",305,FA,96,13.71
*06cca*,Brandon Miller,CHA,"G,F,Flx",343,TRUMP,59,29.5
*06mlo*,KJ Simpson,CHA,"G,Flx",344,FA,59,19.67
*03r7v*,Pat Connaughton,CHA,"G,F,Flx",345,FA,56,11.2
*031m9*,Mason Plumlee,CHA,"C,Flx",430,FA,11,3.67
*051p2*,Grant Williams,CHA,"F,Flx",1653,FA,0,0
*05qti*,Josh Green,CHA,"G,F,Flx",897,FA,0,0
*06mlt*,Antonio Reeves,CHA,"G,F,Flx",1415,FA,0,0
*06hdy*,Drew Peterson,CHA,"F,Flx",1363,FA,0,0
*044te*,Mike Tobey,CHA,"C,Flx",1564,FA,0,0
*03lls*,Jaylen Brown,BOS,"G,F,Flx",18,GWBush,634,63.4
*04ewt*,Derrick White,BOS,"G,Flx",49,GWBush,524,52.4
*05qt1*,Payton Pritchard,BOS,"G,Flx",59,GOD,510,51
*05ujd*,Neemias Queta,BOS,"C,Flx",76,PartyMar,465,46.5
*06228*,Josh Minott,BOS,"F,Flx",107,W <small>(Sun)</small>,399,44.33
*04qs1*,Anfernee Simons,BOS,"G,Flx",139,FA,340,34
*05uug*,Sam Hauser,BOS,"F,Flx",179,FA,289,28.9
*05ujq*,Luka Garza,BOS,"C,Flx",243,FA,185,20.56
*06v5d*,Hugo Gonzalez,BOS,"G,F,Flx",278,FA,123,15.38
*06mkm*,Baylor Scheierman,BOS,"G,Flx",292,FA,106,13.25
*05qtf*,Xavier Tillman,BOS,"C,Flx",299,FA,101,14.43
*06cd1*,Jordan Walsh,BOS,"F,Flx",306,FA,94,15.67
*04fj8*,Chris Boucher,BOS,"F,Flx",321,FA,76,12.67
*06v8c*,Amari Williams,BOS,"F,C,Flx",415,FA,16,8
*06233*,Ron Harper,BOS,"F,Flx",424,FA,12,6
*03xmv*,Jayson Tatum,BOS,"F,Flx",1532,FA,0,0
*06va1*,Max Shulga,BOS,"G,Flx",1469,FA,0,0
*03woy*,Coty Clarke,BOS,"F,Flx",675,FA,0,0
*03kqm*,Andre Dawkins,BOS,"G,Flx",738,FA,0,0
*051pb*,Nicolas Claxton,BKN,"C,Flx",55,9/11ST,513,57
*04qrr*,Michael Porter,BKN,"F,Flx",62,GWBush,501,62.62
*051ps*,Terance Mann,BKN,"G,F,Flx",123,UBER,363,40.33
*05uj1*,Cameron Thomas,BKN,"G,F,Flx",160,GN,309,38.62
*05uj3*,DayRon Sharpe,BKN,"C,Flx",188,FA,282,31.33
*06v5r*,Egor Demin,BKN,"G,Flx",220,HAIRY,226,28.25
*0622e*,Tyrese Martin,BKN,"G,Flx",221,FA,226,25.11
*06ccd*,Noah Clowney,BKN,"F,C,Flx",223,FA,222,24.67
*05uik*,Ziaire Williams,BKN,"G,F,Flx",230,FA,202,28.86
*06cdc*,Jalen Wilson,BKN,"F,Flx",270,FA,134,16.75
*06v5t*,Ben Saraf,BKN,"G,Flx",320,FA,77,12.83
*06v5s*,Drake Powell,BKN,"G,F,Flx",380,FA,33,11
*06v5p*,Nolan Traore,BKN,"G,Flx",397,FA,27,9
*06224*,E.J. Liddell,BKN,"F,Flx",403,FA,24,8
*06v5q*,Danny Wolf,BKN,"F,C,Flx",439,FA,6,6
*04yk1*,Haywood Highsmith,BKN,"F,Flx",952,FA,0,0
*062do*,Tyson Etienne,BKN,"G,Flx",1704,FA,-4,-2
*05uiu*,Jalen Johnson,ATL,"F,Flx",37,GOD,541,67.62
*06217*,Dyson Daniels,ATL,"G,F,Flx",53,TRUMP,518,51.8
*05qtt*,Onyeka Okongwu,ATL,"C,Flx",56,UBER,513,51.3
*051ox*,Nickeil Alexander-Walker,ATL,"G,Flx",105,PRO,402,44.67
*03el5*,Kristaps Porzingis,ATL,"F,C,Flx",108,GWBush,395,56.43
*06ccz*,Mouhamed Gueye,ATL,"F,Flx",172,FA,296,29.6
*06mjt*,Zaccharie Risacher,ATL,"F,Flx",183,GN,285,35.62
*04qrk*,Trae Young,ATL,"G,Flx",205,9/11ST,245,49
*04ewd*,Luke Kennard,ATL,"G,Flx",218,FA,229,28.62
*065b8*,Keaton Wallace,ATL,"G,Flx",222,FA,226,25.11
*05qtk*,Vit Krejci,ATL,"G,Flx",273,FA,130,21.67
*06v5c*,Asa Newell,ATL,"F,Flx",276,FA,128,25.6
*0621v*,Caleb Houstan,ATL,"F,Flx",393,FA,28,7
*06mm6*,NFaly Dante,ATL,"C,Flx",396,FA,27,6.75
*06cep*,Jacob Toppin,ATL,"F,Flx",427,FA,12,4
*06mlp*,Nikola Djurisic,ATL,"F,Flx",764,FA,0,0
*06vy0*,Eli John Ndiaye,ATL,"F,Flx",1281,FA,0,0
*04exn*,Alpha Kaba,ATL,"F,Flx",1054,FA,0,0
